[129880.525239] ovs_keydump: start=296 len=88 hash=0x5552f835
[129880.525244] ovs_keydump: 00000000: 00 00 00 00 00 00 00 00 00 00 00 00 00 00 00 00
[129880.525246] ovs_keydump: 00000010: 00 00 00 00 00 00 00 00 00 00 00 00 00 00 00 00
[129880.525247] ovs_keydump: 00000020: 06 00 01 00 00 00 00 00 00 00 00 00 00 00 00 00
[129880.525248] ovs_keydump: 00000030: 00 00 00 00 00 00 00 00 00 00 00 00 00 00 00 00
[129880.525249] ovs_keydump: 00000040: 08 00 00 00 11 00 00 00 00 00 00 00 23 35 00 00
[129880.525249] ovs_keydump: 00000050: 00 00 00 00 0a 00 02 02
[129880.525252] ovs_keydump: start=296 len=88 hash=0xb8664a1c
[129880.525253] ovs_keydump: 00000000: 00 00 00 00 00 00 00 00 00 00 00 00 00 00 00 00
[129880.525254] ovs_keydump: 00000010: 00 00 00 00 00 00 00 00 00 00 00 00 00 00 00 00
[129880.525255] ovs_keydump: 00000020: 06 00 01 00 00 00 00 00 00 00 00 00 00 00 00 00
[129880.525256] ovs_keydump: 00000030: 00 00 00 00 00 00 00 00 00 00 00 00 00 00 00 00
[129880.525256] ovs_keydump: 00000040: 08 00 00 00 11 00 00 00 00 00 00 00 23 28 00 00
[129880.525257] ovs_keydump: 00000050: 00 00 00 00 0a 00 02 02
[129880.525268] ovs_keydump: start=296 len=88 hash=0x3b878e44
[129880.525268] ovs_keydump: 00000000: 00 00 00 00 00 00 00 00 00 00 00 00 00 00 00 00
[129880.525269] ovs_keydump: 00000010: 00 00 00 00 00 00 00 00 00 00 00 00 00 00 00 00
[129880.525270] ovs_keydump: 00000020: 06 00 01 00 00 00 00 00 00 00 00 00 00 00 00 00
[129880.525271] ovs_keydump: 00000030: 00 00 00 00 00 00 00 00 00 00 00 00 00 00 00 00
[129880.525271] ovs_keydump: 00000040: 08 00 00 00 11 00 00 00 00 00 00 00 23 2b 00 00
[129880.525272] ovs_keydump: 00000050: 0a 00 01 06 0a 00 02 05
[129880.525275] ovs_keydump: start=296 len=88 hash=0xc64d15be
[129880.525276] ovs_keydump: 00000000: 00 00 00 00 00 00 00 00 00 00 00 00 00 00 00 00
[129880.525277] ovs_keydump: 00000010: 00 00 00 00 00 00 00 00 00 00 00 00 00 00 00 00
[129880.525277] ovs_keydump: 00000020: 06 00 01 00 00 00 00 00 00 00 00 00 00 00 00 00
[129880.525278] ovs_keydump: 00000030: 00 00 00 00 00 00 00 00 00 00 00 00 00 00 00 00
[129880.525279] ovs_keydump: 00000040: 08 00 00 00 11 00 00 00 00 00 00 00 00 00 00 00
[129880.525279] ovs_keydump: 00000050: 00 00 00 00 0a 00 02 01
[129880.525283] ovs_keydump: start=296 len=88 hash=0x2a8946c6
[129880.525284] ovs_keydump: 00000000: 00 00 00 00 00 00 00 00 00 00 00 00 00 00 00 00
[129880.525284] ovs_keydump: 00000010: 00 00 00 00 00 00 00 00 00 00 00 00 00 00 00 00
[129880.525285] ovs_keydump: 00000020: 06 00 01 00 00 00 00 00 00 00 00 00 00 00 00 00
[129880.525286] ovs_keydump: 00000030: 00 00 00 00 00 00 00 00 00 00 00 00 00 00 00 00
[129880.525286] ovs_keydump: 00000040: 08 00 00 00 11 00 00 00 00 00 00 00 23 2d 00 00
[129880.525287] ovs_keydump: 00000050: 00 00 00 00 0a 00 02 02
[129880.525290] ovs_keydump: start=296 len=88 hash=0xdfe18fc7
[129880.525291] ovs_keydump: 00000000: 00 00 00 00 00 00 00 00 00 00 00 00 00 00 00 00
[129880.525292] ovs_keydump: 00000010: 00 00 00 00 00 00 00 00 00 00 00 00 00 00 00 00
[129880.525292] ovs_keydump: 00000020: 06 00 01 00 00 00 00 00 00 00 00 00 00 00 00 00
[129880.525293] ovs_keydump: 00000030: 00 00 00 00 00 00 00 00 00 00 00 00 00 00 00 00
[129880.525294] ovs_keydump: 00000040: 08 00 00 00 11 00 00 00 00 00 4e 20 00 00 00 00
[129880.525294] ovs_keydump: 00000050: 00 00 00 00 0a 00 02 03
[129880.525299] ovs_keydump: start=296 len=88 hash=0x26f80d7b
[129880.525299] ovs_keydump: 00000000: 00 00 00 00 00 00 00 00 00 00 00 00 00 00 00 00
[129880.525300] ovs_keydump: 00000010: 00 00 00 00 00 00 00 00 00 00 00 00 00 00 00 00
[129880.525301] ovs_keydump: 00000020: 06 00 01 00 00 00 00 00 00 00 00 00 00 00 00 00
[129880.525301] ovs_keydump: 00000030: 00 00 00 00 00 00 00 00 00 00 00 00 00 00 00 00
[129880.525302] ovs_keydump: 00000040: 08 00 00 00 11 00 00 00 00 00 00 00 00 00 00 00
[129880.525303] ovs_keydump: 00000050: 0a 00 01 0a 0a 00 02 04
[129880.525314] ovs_keydump: start=296 len=88 hash=0x99757107
[129880.525314] ovs_keydump: 00000000: 00 00 00 00 00 00 00 00 00 00 00 00 00 00 00 00
[129880.525315] ovs_keydump: 00000010: 00 00 00 00 00 00 00 00 00 00 00 00 00 00 00 00
[129880.525316] ovs_keydump: 00000020: 06 00 01 00 00 00 00 00 00 00 00 00 00 00 00 00
[129880.525316] ovs_keydump: 00000030: 00 00 00 00 00 00 00 00 00 00 00 00 00 00 00 00
[129880.525317] ovs_keydump: 00000040: 08 00 00 00 11 00 00 00 00 00 4e 31 00 00 00 00
[129880.525318] ovs_keydump: 00000050: 00 00 00 00 0a 00 02 03
[129880.525323] ovs_keydump: start=296 len=88 hash=0x67247d3c
[129880.525324] ovs_keydump: 00000000: 00 00 00 00 00 00 00 00 00 00 00 00 00 00 00 00
[129880.525324] ovs_keydump: 00000010: 00 00 00 00 00 00 00 00 00 00 00 00 00 00 00 00
[129880.525325] ovs_keydump: 00000020: 06 00 01 00 00 00 00 00 00 00 00 00 00 00 00 00
[129880.525326] ovs_keydump: 00000030: 00 00 00 00 00 00 00 00 00 00 00 00 00 00 00 00
[129880.525326] ovs_keydump: 00000040: 08 00 00 00 11 00 00 00 00 00 00 00 23 34 00 00
[129880.525327] ovs_keydump: 00000050: 00 00 00 00 0a 00 02 02
[129880.525330] ovs_keydump: start=296 len=88 hash=0xc6f2f7a5
[129880.525331] ovs_keydump: 00000000: 00 00 00 00 00 00 00 00 00 00 00 00 00 00 00 00
[129880.525332] ovs_keydump: 00000010: 00 00 00 00 00 00 00 00 00 00 00 00 00 00 00 00
[129880.525333] ovs_keydump: 00000020: 06 00 01 00 00 00 00 00 00 00 00 00 00 00 00 00
[129880.525333] ovs_keydump: 00000030: 00 00 00 00 00 00 00 00 00 00 00 00 00 00 00 00
[129880.525334] ovs_keydump: 00000040: 08 00 00 00 11 00 00 00 00 00 00 00 00 00 00 00
[129880.525334] ovs_keydump: 00000050: 0a 00 01 05 0a 00 02 04
[129880.525338] ovs_keydump: start=296 len=88 hash=0x6e303921
[129880.525339] ovs_keydump: 00000000: 00 00 00 00 00 00 00 00 00 00 00 00 00 00 00 00
[129880.525339] ovs_keydump: 00000010: 00 00 00 00 00 00 00 00 00 00 00 00 00 00 00 00
[129880.525340] ovs_keydump: 00000020: 06 00 01 00 00 00 00 00 00 00 00 00 00 00 00 00
[129880.525341] ovs_keydump: 00000030: 00 00 00 00 00 00 00 00 00 00 00 00 00 00 00 00
[129880.525341] ovs_keydump: 00000040: 08 00 00 00 11 00 00 00 00 00 4e 56 23 2f 00 00
[129880.525342] ovs_keydump: 00000050: 0a 00 01 06 0a 00 02 07
[129880.525348] ovs_keydump: start=296 len=88 hash=0xfdf3a28b
[129880.525349] ovs_keydump: 00000000: 00 00 00 00 00 00 00 00 00 00 00 00 00 00 00 00
[129880.525350] ovs_keydump: 00000010: 00 00 00 00 00 00 00 00 00 00 00 00 00 00 00 00
[129880.525350] ovs_keydump: 00000020: 06 00 01 00 00 00 00 00 00 00 00 00 00 00 00 00
[129880.525351] ovs_keydump: 00000030: 00 00 00 00 00 00 00 00 00 00 00 00 00 00 00 00
[129880.525352] ovs_keydump: 00000040: 08 00 00 00 11 00 00 00 00 00 4e 25 00 00 00 00
[129880.525352] ovs_keydump: 00000050: 0a 00 01 09 0a 00 02 06
[129880.525356] ovs_keydump: start=296 len=88 hash=0x55c68096
[129880.525357] ovs_keydump: 00000000: 00 00 00 00 00 00 00 00 00 00 00 00 00 00 00 00
[129880.525358] ovs_keydump: 00000010: 00 00 00 00 00 00 00 00 00 00 00 00 00 00 00 00
[129880.525358] ovs_keydump: 00000020: 06 00 01 00 00 00 00 00 00 00 00 00 00 00 00 00
[129880.525359] ovs_keydump: 00000030: 00 00 00 00 00 00 00 00 00 00 00 00 00 00 00 00
[129880.525360] ovs_keydump: 00000040: 08 00 00 00 11 00 00 00 00 00 4e 33 00 00 00 00
[129880.525360] ovs_keydump: 00000050: 00 00 00 00 0a 00 02 03
[129880.525366] ovs_keydump: start=296 len=88 hash=0x775d37af
[129880.525367] ovs_keydump: 00000000: 00 00 00 00 00 00 00 00 00 00 00 00 00 00 00 00
[129880.525368] ovs_keydump: 00000010: 00 00 00 00 00 00 00 00 00 00 00 00 00 00 00 00
[129880.525368] ovs_keydump: 00000020: 06 00 01 00 00 00 00 00 00 00 00 00 00 00 00 00
[129880.525369] ovs_keydump: 00000030: 00 00 00 00 00 00 00 00 00 00 00 00 00 00 00 00
[129880.525370] ovs_keydump: 00000040: 08 00 00 00 11 00 00 00 00 00 4e 5e 00 00 00 00
[129880.525370] ovs_keydump: 00000050: 0a 00 01 06 0a 00 02 06
[129880.525374] ovs_keydump: start=296 len=88 hash=0x425d4966
[129880.525375] ovs_keydump: 00000000: 00 00 00 00 00 00 00 00 00 00 00 00 00 00 00 00
[129880.525375] ovs_keydump: 00000010: 00 00 00 00 00 00 00 00 00 00 00 00 00 00 00 00
[129880.525376] ovs_keydump: 00000020: 06 00 01 00 00 00 00 00 00 00 00 00 00 00 00 00
[129880.525377] ovs_keydump: 00000030: 00 00 00 00 00 00 00 00 00 00 00 00 00 00 00 00
[129880.525377] ovs_keydump: 00000040: 08 00 00 00 11 00 00 00 00 00 4e 47 23 30 00 00
[129880.525378] ovs_keydump: 00000050: 0a 00 01 06 0a 00 02 07
[129880.525380] ovs_keydump: start=296 len=88 hash=0x61e42c6f
[129880.525381] ovs_keydump: 00000000: 00 00 00 00 00 00 00 00 00 00 00 00 00 00 00 00
[129880.525382] ovs_keydump: 00000010: 00 00 00 00 00 00 00 00 00 00 00 00 00 00 00 00
[129880.525383] ovs_keydump: 00000020: 06 00 01 00 00 00 00 00 00 00 00 00 00 00 00 00
[129880.525384] ovs_keydump: 00000030: 00 00 00 00 00 00 00 00 00 00 00 00 00 00 00 00
[129880.525384] ovs_keydump: 00000040: 08 00 00 00 11 00 00 00 00 00 00 00 23 28 00 00
[129880.525385] ovs_keydump: 00000050: 0a 00 01 03 0a 00 02 05
[129880.525387] ovs_keydump: start=296 len=88 hash=0x8ffd2402
[129880.525388] ovs_keydump: 00000000: 00 00 00 00 00 00 00 00 00 00 00 00 00 00 00 00
[129880.525389] ovs_keydump: 00000010: 00 00 00 00 00 00 00 00 00 00 00 00 00 00 00 00
[129880.525389] ovs_keydump: 00000020: 06 00 01 00 00 00 00 00 00 00 00 00 00 00 00 00
[129880.525390] ovs_keydump: 00000030: 00 00 00 00 00 00 00 00 00 00 00 00 00 00 00 00
[129880.525391] ovs_keydump: 00000040: 08 00 00 00 11 00 00 00 00 00 00 00 23 32 00 00
[129880.525391] ovs_keydump: 00000050: 0a 00 01 09 0a 00 02 05
[129880.525399] ovs_keydump: start=296 len=88 hash=0x249bdd3a
[129880.525400] ovs_keydump: 00000000: 00 00 00 00 00 00 00 00 00 00 00 00 00 00 00 00
[129880.525401] ovs_keydump: 00000010: 00 00 00 00 00 00 00 00 00 00 00 00 00 00 00 00
[129880.525402] ovs_keydump: 00000020: 06 00 01 00 00 00 00 00 00 00 00 00 00 00 00 00
[129880.525403] ovs_keydump: 00000030: 00 00 00 00 00 00 00 00 00 00 00 00 00 00 00 00
[129880.525403] ovs_keydump: 00000040: 08 00 00 00 11 00 00 00 00 00 00 00 23 29 00 00
[129880.525404] ovs_keydump: 00000050: 00 00 00 00 0a 00 02 02
[129880.525407] ovs_keydump: start=296 len=88 hash=0x4db1fa53
[129880.525407] ovs_keydump: 00000000: 00 00 00 00 00 00 00 00 00 00 00 00 00 00 00 00
[129880.525408] ovs_keydump: 00000010: 00 00 00 00 00 00 00 00 00 00 00 00 00 00 00 00
[129880.525409] ovs_keydump: 00000020: 06 00 01 00 00 00 00 00 00 00 00 00 00 00 00 00
[129880.525409] ovs_keydump: 00000030: 00 00 00 00 00 00 00 00 00 00 00 00 00 00 00 00
[129880.525410] ovs_keydump: 00000040: 08 00 00 00 11 00 00 00 00 00 4e 58 00 00 00 00
[129880.525411] ovs_keydump: 00000050: 0a 00 01 0b 0a 00 02 06
[129880.525419] ovs_keydump: start=296 len=88 hash=0xf1a41824
[129880.525420] ovs_keydump: 00000000: 00 00 00 00 00 00 00 00 00 00 00 00 00 00 00 00
[129880.525420] ovs_keydump: 00000010: 00 00 00 00 00 00 00 00 00 00 00 00 00 00 00 00
[129880.525421] ovs_keydump: 00000020: 06 00 01 00 00 00 00 00 00 00 00 00 00 00 00 00
[129880.525422] ovs_keydump: 00000030: 00 00 00 00 00 00 00 00 00 00 00 00 00 00 00 00
[129880.525422] ovs_keydump: 00000040: 08 00 00 00 11 00 00 00 00 00 4e 2e 00 00 00 00
[129880.525423] ovs_keydump: 00000050: 0a 00 01 02 0a 00 02 06
[129880.525427] ovs_keydump: start=296 len=88 hash=0xa45a6584
[129880.525428] ovs_keydump: 00000000: 00 00 00 00 00 00 00 00 00 00 00 00 00 00 00 00
[129880.525428] ovs_keydump: 00000010: 00 00 00 00 00 00 00 00 00 00 00 00 00 00 00 00
[129880.525429] ovs_keydump: 00000020: 06 00 01 00 00 00 00 00 00 00 00 00 00 00 00 00
[129880.525430] ovs_keydump: 00000030: 00 00 00 00 00 00 00 00 00 00 00 00 00 00 00 00
[129880.525431] ovs_keydump: 00000040: 08 00 00 00 11 00 00 00 00 00 00 00 23 2b 00 00
[129880.525431] ovs_keydump: 00000050: 00 00 00 00 0a 00 02 02
[129880.525436] ovs_keydump: start=296 len=88 hash=0xd2c6d033
[129880.525437] ovs_keydump: 00000000: 00 00 00 00 00 00 00 00 00 00 00 00 00 00 00 00
[129880.525437] ovs_keydump: 00000010: 00 00 00 00 00 00 00 00 00 00 00 00 00 00 00 00
[129880.525438] ovs_keydump: 00000020: 06 00 01 00 00 00 00 00 00 00 00 00 00 00 00 00
[129880.525439] ovs_keydump: 00000030: 00 00 00 00 00 00 00 00 00 00 00 00 00 00 00 00
[129880.525439] ovs_keydump: 00000040: 08 00 00 00 11 00 00 00 00 00 00 00 00 00 00 00
[129880.525440] ovs_keydump: 00000050: 0a 00 01 03 0a 00 02 04
[129880.525442] ovs_keydump: start=296 len=88 hash=0xd8bf3409
[129880.525443] ovs_keydump: 00000000: 00 00 00 00 00 00 00 00 00 00 00 00 00 00 00 00
[129880.525444] ovs_keydump: 00000010: 00 00 00 00 00 00 00 00 00 00 00 00 00 00 00 00
[129880.525445] ovs_keydump: 00000020: 06 00 01 00 00 00 00 00 00 00 00 00 00 00 00 00
[129880.525445] ovs_keydump: 00000030: 00 00 00 00 00 00 00 00 00 00 00 00 00 00 00 00
[129880.525446] ovs_keydump: 00000040: 08 00 00 00 11 00 00 00 00 00 4e 59 00 00 00 00
[129880.525446] ovs_keydump: 00000050: 00 00 00 00 0a 00 02 03
[129880.525449] ovs_keydump: start=296 len=88 hash=0x66dec282
[129880.525450] ovs_keydump: 00000000: 00 00 00 00 00 00 00 00 00 00 00 00 00 00 00 00
[129880.525451] ovs_keydump: 00000010: 00 00 00 00 00 00 00 00 00 00 00 00 00 00 00 00
[129880.525451] ovs_keydump: 00000020: 06 00 01 00 00 00 00 00 00 00 00 00 00 00 00 00
[129880.525452] ovs_keydump: 00000030: 00 00 00 00 00 00 00 00 00 00 00 00 00 00 00 00
[129880.525453] ovs_keydump: 00000040: 08 00 00 00 11 00 00 00 00 00 00 00 23 2e 00 00
[129880.525453] ovs_keydump: 00000050: 00 00 00 00 0a 00 02 02
[129880.525457] ovs_keydump: start=296 len=88 hash=0x6ada88b8
[129880.525458] ovs_keydump: 00000000: 00 00 00 00 00 00 00 00 00 00 00 00 00 00 00 00
[129880.525458] ovs_keydump: 00000010: 00 00 00 00 00 00 00 00 00 00 00 00 00 00 00 00
[129880.525459] ovs_keydump: 00000020: 06 00 01 00 00 00 00 00 00 00 00 00 00 00 00 00
[129880.525460] ovs_keydump: 00000030: 00 00 00 00 00 00 00 00 00 00 00 00 00 00 00 00
[129880.525460] ovs_keydump: 00000040: 08 00 00 00 11 00 00 00 00 00 4e 3c 00 00 00 00
[129880.525461] ovs_keydump: 00000050: 00 00 00 00 0a 00 02 03
[129880.525464] ovs_keydump: start=296 len=88 hash=0x40685102
[129880.525465] ovs_keydump: 00000000: 00 00 00 00 00 00 00 00 00 00 00 00 00 00 00 00
[129880.525466] ovs_keydump: 00000010: 00 00 00 00 00 00 00 00 00 00 00 00 00 00 00 00
[129880.525466] ovs_keydump: 00000020: 06 00 01 00 00 00 00 00 00 00 00 00 00 00 00 00
[129880.525467] ovs_keydump: 00000030: 00 00 00 00 00 00 00 00 00 00 00 00 00 00 00 00
[129880.525468] ovs_keydump: 00000040: 08 00 00 00 11 00 00 00 00 00 00 00 23 35 00 00
[129880.525468] ovs_keydump: 00000050: 0a 00 01 0a 0a 00 02 05
[129880.525473] ovs_keydump: start=296 len=88 hash=0x5626dd44
[129880.525473] ovs_keydump: 00000000: 00 00 00 00 00 00 00 00 00 00 00 00 00 00 00 00
[129880.525474] ovs_keydump: 00000010: 00 00 00 00 00 00 00 00 00 00 00 00 00 00 00 00
[129880.525475] ovs_keydump: 00000020: 06 00 01 00 00 00 00 00 00 00 00 00 00 00 00 00
[129880.525475] ovs_keydump: 00000030: 00 00 00 00 00 00 00 00 00 00 00 00 00 00 00 00
[129880.525476] ovs_keydump: 00000040: 08 00 00 00 11 00 00 00 00 00 4e 3d 00 00 00 00
[129880.525477] ovs_keydump: 00000050: 0a 00 01 0f 0a 00 02 06
[129880.525492] ovs_keydump: start=296 len=88 hash=0xef7b019b
[129880.525493] ovs_keydump: 00000000: 00 00 00 00 00 00 00 00 00 00 00 00 00 00 00 00
[129880.525494] ovs_keydump: 00000010: 00 00 00 00 00 00 00 00 00 00 00 00 00 00 00 00
[129880.525495] ovs_keydump: 00000020: 06 00 01 00 00 00 00 00 00 00 00 00 00 00 00 00
[129880.525495] ovs_keydump: 00000030: 00 00 00 00 00 00 00 00 00 00 00 00 00 00 00 00
[129880.525496] ovs_keydump: 00000040: 08 00 00 00 11 00 00 00 00 00 00 00 23 2d 00 00
[129880.525497] ovs_keydump: 00000050: 0a 00 01 01 0a 00 02 05
[129880.525500] ovs_keydump: start=296 len=88 hash=0xbed3c680
[129880.525501] ovs_keydump: 00000000: 00 00 00 00 00 00 00 00 00 00 00 00 00 00 00 00
[129880.525502] ovs_keydump: 00000010: 00 00 00 00 00 00 00 00 00 00 00 00 00 00 00 00
[129880.525502] ovs_keydump: 00000020: 06 00 01 00 00 00 00 00 00 00 00 00 00 00 00 00
[129880.525503] ovs_keydump: 00000030: 00 00 00 00 00 00 00 00 00 00 00 00 00 00 00 00
[129880.525504] ovs_keydump: 00000040: 08 00 00 00 11 00 00 00 00 00 00 00 23 30 00 00
[129880.525504] ovs_keydump: 00000050: 0a 00 01 0e 0a 00 02 05
[129880.525508] ovs_keydump: start=296 len=88 hash=0xf17c5d8d
[129880.525508] ovs_keydump: 00000000: 00 00 00 00 00 00 00 00 00 00 00 00 00 00 00 00
[129880.525509] ovs_keydump: 00000010: 00 00 00 00 00 00 00 00 00 00 00 00 00 00 00 00
[129880.525510] ovs_keydump: 00000020: 06 00 01 00 00 00 00 00 00 00 00 00 00 00 00 00
[129880.525511] ovs_keydump: 00000030: 00 00 00 00 00 00 00 00 00 00 00 00 00 00 00 00
[129880.525511] ovs_keydump: 00000040: 08 00 00 00 11 00 00 00 00 00 4e 3a 23 32 00 00
[129880.525512] ovs_keydump: 00000050: 0a 00 01 0c 0a 00 02 07
[129880.525518] ovs_keydump: start=296 len=88 hash=0x315c5b3b
[129880.525519] ovs_keydump: 00000000: 00 00 00 00 00 00 00 00 00 00 00 00 00 00 00 00
[129880.525520] ovs_keydump: 00000010: 00 00 00 00 00 00 00 00 00 00 00 00 00 00 00 00
[129880.525520] ovs_keydump: 00000020: 06 00 01 00 00 00 00 00 00 00 00 00 00 00 00 00
[129880.525521] ovs_keydump: 00000030: 00 00 00 00 00 00 00 00 00 00 00 00 00 00 00 00
[129880.525521] ovs_keydump: 00000040: 08 00 00 00 11 00 00 00 00 00 4e 4d 00 00 00 00
[129880.525522] ovs_keydump: 00000050: 0a 00 01 0b 0a 00 02 06
[129880.525526] ovs_keydump: start=296 len=88 hash=0xbb32f0dc
[129880.525527] ovs_keydump: 00000000: 00 00 00 00 00 00 00 00 00 00 00 00 00 00 00 00
[129880.525527] ovs_keydump: 00000010: 00 00 00 00 00 00 00 00 00 00 00 00 00 00 00 00
[129880.525528] ovs_keydump: 00000020: 06 00 01 00 00 00 00 00 00 00 00 00 00 00 00 00
[129880.525529] ovs_keydump: 00000030: 00 00 00 00 00 00 00 00 00 00 00 00 00 00 00 00
[129880.525529] ovs_keydump: 00000040: 08 00 00 00 11 00 00 00 00 00 4e 51 23 35 00 00
[129880.525530] ovs_keydump: 00000050: 0a 00 01 06 0a 00 02 07
[129880.525534] ovs_keydump: start=296 len=88 hash=0x575663b4
[129880.525534] ovs_keydump: 00000000: 00 00 00 00 00 00 00 00 00 00 00 00 00 00 00 00
[129880.525535] ovs_keydump: 00000010: 00 00 00 00 00 00 00 00 00 00 00 00 00 00 00 00
[129880.525536] ovs_keydump: 00000020: 06 00 01 00 00 00 00 00 00 00 00 00 00 00 00 00
[129880.525536] ovs_keydump: 00000030: 00 00 00 00 00 00 00 00 00 00 00 00 00 00 00 00
[129880.525537] ovs_keydump: 00000040: 08 00 00 00 11 00 00 00 00 00 4e 5a 00 00 00 00
[129880.525537] ovs_keydump: 00000050: 00 00 00 00 0a 00 02 03
[129880.525549] ovs_keydump: start=296 len=88 hash=0xb00dc436
[129880.525550] ovs_keydump: 00000000: 00 00 00 00 00 00 00 00 00 00 00 00 00 00 00 00
[129880.525551] ovs_keydump: 00000010: 00 00 00 00 00 00 00 00 00 00 00 00 00 00 00 00
[129880.525551] ovs_keydump: 00000020: 06 00 01 00 00 00 00 00 00 00 00 00 00 00 00 00
[129880.525552] ovs_keydump: 00000030: 00 00 00 00 00 00 00 00 00 00 00 00 00 00 00 00
[129880.525553] ovs_keydump: 00000040: 08 00 00 00 11 00 00 00 00 00 4e 57 00 00 00 00
[129880.525553] ovs_keydump: 00000050: 00 00 00 00 0a 00 02 03
[129880.525561] ovs_keydump: start=296 len=88 hash=0xb726d7b7
[129880.525562] ovs_keydump: 00000000: 00 00 00 00 00 00 00 00 00 00 00 00 00 00 00 00
[129880.525563] ovs_keydump: 00000010: 00 00 00 00 00 00 00 00 00 00 00 00 00 00 00 00
[129880.525564] ovs_keydump: 00000020: 06 00 01 00 00 00 00 00 00 00 00 00 00 00 00 00
[129880.525564] ovs_keydump: 00000030: 00 00 00 00 00 00 00 00 00 00 00 00 00 00 00 00
[129880.525565] ovs_keydump: 00000040: 08 00 00 00 11 00 00 00 00 00 4e 2f 00 00 00 00
[129880.525565] ovs_keydump: 00000050: 00 00 00 00 0a 00 02 03
[129880.525568] ovs_keydump: start=296 len=88 hash=0x3b6e09f4
[129880.525569] ovs_keydump: 00000000: 00 00 00 00 00 00 00 00 00 00 00 00 00 00 00 00
[129880.525569] ovs_keydump: 00000010: 00 00 00 00 00 00 00 00 00 00 00 00 00 00 00 00
[129880.525570] ovs_keydump: 00000020: 06 00 01 00 00 00 00 00 00 00 00 00 00 00 00 00
[129880.525571] ovs_keydump: 00000030: 00 00 00 00 00 00 00 00 00 00 00 00 00 00 00 00
[129880.525571] ovs_keydump: 00000040: 08 00 00 00 11 00 00 00 00 00 4e 24 00 00 00 00
[129880.525572] ovs_keydump: 00000050: 0a 00 01 03 0a 00 02 06
[129880.525576] ovs_keydump: start=296 len=88 hash=0x920bc4cb
[129880.525577] ovs_keydump: 00000000: 00 00 00 00 00 00 00 00 00 00 00 00 00 00 00 00
[129880.525577] ovs_keydump: 00000010: 00 00 00 00 00 00 00 00 00 00 00 00 00 00 00 00
[129880.525578] ovs_keydump: 00000020: 06 00 01 00 00 00 00 00 00 00 00 00 00 00 00 00
[129880.525579] ovs_keydump: 00000030: 00 00 00 00 00 00 00 00 00 00 00 00 00 00 00 00
[129880.525579] ovs_keydump: 00000040: 08 00 00 00 11 00 00 00 00 00 00 00 00 00 00 00
[129880.525580] ovs_keydump: 00000050: 0a 00 01 07 0a 00 02 04
[129880.525587] ovs_keydump: start=296 len=88 hash=0xe071e485
[129880.525588] ovs_keydump: 00000000: 00 00 00 00 00 00 00 00 00 00 00 00 00 00 00 00
[129880.525589] ovs_keydump: 00000010: 00 00 00 00 00 00 00 00 00 00 00 00 00 00 00 00
[129880.525590] ovs_keydump: 00000020: 06 00 01 00 00 00 00 00 00 00 00 00 00 00 00 00
[129880.525590] ovs_keydump: 00000030: 00 00 00 00 00 00 00 00 00 00 00 00 00 00 00 00
[129880.525591] ovs_keydump: 00000040: 08 00 00 00 11 00 00 00 00 00 4e 2b 00 00 00 00
[129880.525592] ovs_keydump: 00000050: 0a 00 01 0c 0a 00 02 06
[129880.525594] ovs_keydump: start=296 len=88 hash=0x50b5c5c0
[129880.525595] ovs_keydump: 00000000: 00 00 00 00 00 00 00 00 00 00 00 00 00 00 00 00
[129880.525595] ovs_keydump: 00000010: 00 00 00 00 00 00 00 00 00 00 00 00 00 00 00 00
[129880.525596] ovs_keydump: 00000020: 06 00 01 00 00 00 00 00 00 00 00 00 00 00 00 00
[129880.525597] ovs_keydump: 00000030: 00 00 00 00 00 00 00 00 00 00 00 00 00 00 00 00
[129880.525597] ovs_keydump: 00000040: 08 00 00 00 11 00 00 00 00 00 4e 2d 00 00 00 00
[129880.525598] ovs_keydump: 00000050: 00 00 00 00 0a 00 02 03
[129880.525601] ovs_keydump: start=296 len=88 hash=0x971aa3cd
[129880.525601] ovs_keydump: 00000000: 00 00 00 00 00 00 00 00 00 00 00 00 00 00 00 00
[129880.525602] ovs_keydump: 00000010: 00 00 00 00 00 00 00 00 00 00 00 00 00 00 00 00
[129880.525603] ovs_keydump: 00000020: 06 00 01 00 00 00 00 00 00 00 00 00 00 00 00 00
[129880.525603] ovs_keydump: 00000030: 00 00 00 00 00 00 00 00 00 00 00 00 00 00 00 00
[129880.525604] ovs_keydump: 00000040: 08 00 00 00 11 00 00 00 00 00 00 00 23 32 00 00
[129880.525605] ovs_keydump: 00000050: 00 00 00 00 0a 00 02 02
[129880.525608] ovs_keydump: start=296 len=88 hash=0xf81d3d00
[129880.525609] ovs_keydump: 00000000: 00 00 00 00 00 00 00 00 00 00 00 00 00 00 00 00
[129880.525610] ovs_keydump: 00000010: 00 00 00 00 00 00 00 00 00 00 00 00 00 00 00 00
[129880.525610] ovs_keydump: 00000020: 06 00 01 00 00 00 00 00 00 00 00 00 00 00 00 00
[129880.525611] ovs_keydump: 00000030: 00 00 00 00 00 00 00 00 00 00 00 00 00 00 00 00
[129880.525612] ovs_keydump: 00000040: 08 00 00 00 11 00 00 00 00 00 00 00 23 2d 00 00
[129880.525612] ovs_keydump: 00000050: 0a 00 01 02 0a 00 02 05
[129880.525615] ovs_keydump: start=296 len=88 hash=0xf60eaedf
[129880.525616] ovs_keydump: 00000000: 00 00 00 00 00 00 00 00 00 00 00 00 00 00 00 00
[129880.525616] ovs_keydump: 00000010: 00 00 00 00 00 00 00 00 00 00 00 00 00 00 00 00
[129880.525617] ovs_keydump: 00000020: 06 00 01 00 00 00 00 00 00 00 00 00 00 00 00 00
[129880.525618] ovs_keydump: 00000030: 00 00 00 00 00 00 00 00 00 00 00 00 00 00 00 00
[129880.525618] ovs_keydump: 00000040: 08 00 00 00 11 00 00 00 00 00 4e 22 00 00 00 00
[129880.525619] ovs_keydump: 00000050: 00 00 00 00 0a 00 02 03
[129880.525623] ovs_keydump: start=296 len=88 hash=0xa7304647
[129880.525623] ovs_keydump: 00000000: 00 00 00 00 00 00 00 00 00 00 00 00 00 00 00 00
[129880.525624] ovs_keydump: 00000010: 00 00 00 00 00 00 00 00 00 00 00 00 00 00 00 00
[129880.525625] ovs_keydump: 00000020: 06 00 01 00 00 00 00 00 00 00 00 00 00 00 00 00
[129880.525625] ovs_keydump: 00000030: 00 00 00 00 00 00 00 00 00 00 00 00 00 00 00 00
[129880.525626] ovs_keydump: 00000040: 08 00 00 00 11 00 00 00 00 00 4e 3e 00 00 00 00
[129880.525627] ovs_keydump: 00000050: 0a 00 01 01 0a 00 02 06
[129880.525630] ovs_keydump: start=296 len=88 hash=0x39ff5051
[129880.525631] ovs_keydump: 00000000: 00 00 00 00 00 00 00 00 00 00 00 00 00 00 00 00
[129880.525632] ovs_keydump: 00000010: 00 00 00 00 00 00 00 00 00 00 00 00 00 00 00 00
[129880.525632] ovs_keydump: 00000020: 06 00 01 00 00 00 00 00 00 00 00 00 00 00 00 00
[129880.525633] ovs_keydump: 00000030: 00 00 00 00 00 00 00 00 00 00 00 00 00 00 00 00
[129880.525634] ovs_keydump: 00000040: 08 00 00 00 11 00 00 00 00 00 4e 54 00 00 00 00
[129880.525634] ovs_keydump: 00000050: 0a 00 01 08 0a 00 02 06
[129880.525638] ovs_keydump: start=296 len=88 hash=0x61636521
[129880.525639] ovs_keydump: 00000000: 00 00 00 00 00 00 00 00 00 00 00 00 00 00 00 00
[129880.525639] ovs_keydump: 00000010: 00 00 00 00 00 00 00 00 00 00 00 00 00 00 00 00
[129880.525640] ovs_keydump: 00000020: 06 00 01 00 00 00 00 00 00 00 00 00 00 00 00 00
[129880.525641] ovs_keydump: 00000030: 00 00 00 00 00 00 00 00 00 00 00 00 00 00 00 00
[129880.525641] ovs_keydump: 00000040: 08 00 00 00 11 00 00 00 00 00 00 00 00 00 00 00
[129880.525642] ovs_keydump: 00000050: 0a 00 01 0b 0a 00 02 04
[129880.525649] ovs_keydump: start=296 len=88 hash=0xc5c25514
[129880.525650] ovs_keydump: 00000000: 00 00 00 00 00 00 00 00 00 00 00 00 00 00 00 00
[129880.525651] ovs_keydump: 00000010: 00 00 00 00 00 00 00 00 00 00 00 00 00 00 00 00
[129880.525651] ovs_keydump: 00000020: 06 00 01 00 00 00 00 00 00 00 00 00 00 00 00 00
[129880.525652] ovs_keydump: 00000030: 00 00 00 00 00 00 00 00 00 00 00 00 00 00 00 00
[129880.525653] ovs_keydump: 00000040: 08 00 00 00 11 00 00 00 00 00 00 00 00 00 00 00
[129880.525653] ovs_keydump: 00000050: 0a 00 01 0f 0a 00 02 04
[129880.525656] ovs_keydump: start=296 len=88 hash=0xa43aec7a
[129880.525657] ovs_keydump: 00000000: 00 00 00 00 00 00 00 00 00 00 00 00 00 00 00 00
[129880.525657] ovs_keydump: 00000010: 00 00 00 00 00 00 00 00 00 00 00 00 00 00 00 00
[129880.525658] ovs_keydump: 00000020: 06 00 01 00 00 00 00 00 00 00 00 00 00 00 00 00
[129880.525659] ovs_keydump: 00000030: 00 00 00 00 00 00 00 00 00 00 00 00 00 00 00 00
[129880.525660] ovs_keydump: 00000040: 08 00 00 00 11 00 00 00 00 00 00 00 00 00 00 00
[129880.525660] ovs_keydump: 00000050: 0a 00 01 01 0a 00 02 04
[129880.525663] ovs_keydump: start=296 len=88 hash=0x80fdcdde
[129880.525664] ovs_keydump: 00000000: 00 00 00 00 00 00 00 00 00 00 00 00 00 00 00 00
[129880.525664] ovs_keydump: 00000010: 00 00 00 00 00 00 00 00 00 00 00 00 00 00 00 00
[129880.525665] ovs_keydump: 00000020: 06 00 01 00 00 00 00 00 00 00 00 00 00 00 00 00
[129880.525666] ovs_keydump: 00000030: 00 00 00 00 00 00 00 00 00 00 00 00 00 00 00 00
[129880.525666] ovs_keydump: 00000040: 08 00 00 00 11 00 00 00 00 00 4e 49 23 34 00 00
[129880.525667] ovs_keydump: 00000050: 0a 00 01 08 0a 00 02 07
[129880.525670] ovs_keydump: start=296 len=88 hash=0x7b03a915
[129880.525670] ovs_keydump: 00000000: 00 00 00 00 00 00 00 00 00 00 00 00 00 00 00 00
[129880.525671] ovs_keydump: 00000010: 00 00 00 00 00 00 00 00 00 00 00 00 00 00 00 00
[129880.525672] ovs_keydump: 00000020: 06 00 01 00 00 00 00 00 00 00 00 00 00 00 00 00
[129880.525672] ovs_keydump: 00000030: 00 00 00 00 00 00 00 00 00 00 00 00 00 00 00 00
[129880.525673] ovs_keydump: 00000040: 08 00 00 00 11 00 00 00 00 00 4e 27 00 00 00 00
[129880.525673] ovs_keydump: 00000050: 00 00 00 00 0a 00 02 03
[129880.525676] ovs_keydump: start=296 len=88 hash=0x3c806358
[129880.525677] ovs_keydump: 00000000: 00 00 00 00 00 00 00 00 00 00 00 00 00 00 00 00
[129880.525677] ovs_keydump: 00000010: 00 00 00 00 00 00 00 00 00 00 00 00 00 00 00 00
[129880.525678] ovs_keydump: 00000020: 06 00 01 00 00 00 00 00 00 00 00 00 00 00 00 00
[129880.525679] ovs_keydump: 00000030: 00 00 00 00 00 00 00 00 00 00 00 00 00 00 00 00
[129880.525679] ovs_keydump: 00000040: 08 00 00 00 11 00 00 00 00 00 00 00 23 2c 00 00
[129880.525680] ovs_keydump: 00000050: 00 00 00 00 0a 00 02 02
[129880.526311] ovs_keydump: start=296 len=88 hash=0xacb05fad
[129880.526313] ovs_keydump: 00000000: 00 00 00 00 00 00 00 00 00 00 00 00 00 00 00 00
[129880.526315] ovs_keydump: 00000010: 00 00 00 00 00 00 00 00 00 00 00 00 00 00 00 00
[129880.526316] ovs_keydump: 00000020: 06 00 01 00 00 00 00 00 00 00 00 00 00 00 00 00
[129880.526317] ovs_keydump: 00000030: 00 00 00 00 00 00 00 00 00 00 00 00 00 00 00 00
[129880.526319] ovs_keydump: 00000040: 08 00 00 00 11 00 00 00 00 00 4e 39 00 00 00 00
[129880.526320] ovs_keydump: 00000050: 0a 00 01 0c 0a 00 02 06
[129880.526325] ovs_keydump: start=296 len=88 hash=0x15b71dce
[129880.526326] ovs_keydump: 00000000: 00 00 00 00 00 00 00 00 00 00 00 00 00 00 00 00
[129880.526327] ovs_keydump: 00000010: 00 00 00 00 00 00 00 00 00 00 00 00 00 00 00 00
[129880.526329] ovs_keydump: 00000020: 06 00 01 00 00 00 00 00 00 00 00 00 00 00 00 00
[129880.526330] ovs_keydump: 00000030: 00 00 00 00 00 00 00 00 00 00 00 00 00 00 00 00
[129880.526331] ovs_keydump: 00000040: 08 00 00 00 11 00 00 00 00 00 4e 5c 23 28 00 00
[129880.526332] ovs_keydump: 00000050: 0a 00 01 06 0a 00 02 07
[129880.526359] ovs_keydump: start=296 len=88 hash=0xaf21daf9
[129880.526360] ovs_keydump: 00000000: 00 00 00 00 00 00 00 00 00 00 00 00 00 00 00 00
[129880.526362] ovs_keydump: 00000010: 00 00 00 00 00 00 00 00 00 00 00 00 00 00 00 00
[129880.526363] ovs_keydump: 00000020: 06 00 01 00 00 00 00 00 00 00 00 00 00 00 00 00
[129880.526364] ovs_keydump: 00000030: 00 00 00 00 00 00 00 00 00 00 00 00 00 00 00 00
[129880.526365] ovs_keydump: 00000040: 08 00 00 00 11 00 00 00 00 00 00 00 23 33 00 00
[129880.526367] ovs_keydump: 00000050: 0a 00 01 09 0a 00 02 05
[129880.526374] ovs_keydump: start=296 len=88 hash=0xc70070f2
[129880.526375] ovs_keydump: 00000000: 00 00 00 00 00 00 00 00 00 00 00 00 00 00 00 00
[129880.526376] ovs_keydump: 00000010: 00 00 00 00 00 00 00 00 00 00 00 00 00 00 00 00
[129880.526377] ovs_keydump: 00000020: 06 00 01 00 00 00 00 00 00 00 00 00 00 00 00 00
[129880.526378] ovs_keydump: 00000030: 00 00 00 00 00 00 00 00 00 00 00 00 00 00 00 00
[129880.526380] ovs_keydump: 00000040: 08 00 00 00 11 00 00 00 00 00 4e 46 00 00 00 00
[129880.526381] ovs_keydump: 00000050: 0a 00 01 0e 0a 00 02 06
[129880.526391] ovs_keydump: start=296 len=88 hash=0x75779263
[129880.526392] ovs_keydump: 00000000: 00 00 00 00 00 00 00 00 00 00 00 00 00 00 00 00
[129880.526393] ovs_keydump: 00000010: 00 00 00 00 00 00 00 00 00 00 00 00 00 00 00 00
[129880.526394] ovs_keydump: 00000020: 06 00 01 00 00 00 00 00 00 00 00 00 00 00 00 00
[129880.526395] ovs_keydump: 00000030: 00 00 00 00 00 00 00 00 00 00 00 00 00 00 00 00
[129880.526396] ovs_keydump: 00000040: 08 00 00 00 11 00 00 00 00 00 00 00 23 29 00 00
[129880.526397] ovs_keydump: 00000050: 0a 00 01 0b 0a 00 02 05
[129880.526405] ovs_keydump: start=296 len=88 hash=0x4e2d47a8
[129880.526406] ovs_keydump: 00000000: 00 00 00 00 00 00 00 00 00 00 00 00 00 00 00 00
[129880.526407] ovs_keydump: 00000010: 00 00 00 00 00 00 00 00 00 00 00 00 00 00 00 00
[129880.526408] ovs_keydump: 00000020: 06 00 01 00 00 00 00 00 00 00 00 00 00 00 00 00
[129880.526410] ovs_keydump: 00000030: 00 00 00 00 00 00 00 00 00 00 00 00 00 00 00 00
[129880.526411] ovs_keydump: 00000040: 08 00 00 00 11 00 00 00 00 00 00 00 23 36 00 00
[129880.526412] ovs_keydump: 00000050: 00 00 00 00 0a 00 02 02
[129880.526424] ovs_keydump: start=296 len=88 hash=0x82e37093
[129880.526426] ovs_keydump: 00000000: 00 00 00 00 00 00 00 00 00 00 00 00 00 00 00 00
[129880.526427] ovs_keydump: 00000010: 00 00 00 00 00 00 00 00 00 00 00 00 00 00 00 00
[129880.526428] ovs_keydump: 00000020: 06 00 01 00 00 00 00 00 00 00 00 00 00 00 00 00
[129880.526429] ovs_keydump: 00000030: 00 00 00 00 00 00 00 00 00 00 00 00 00 00 00 00
[129880.526430] ovs_keydump: 00000040: 08 00 00 00 11 00 00 00 00 00 00 00 00 00 00 00
[129880.526432] ovs_keydump: 00000050: 0a 00 01 09 0a 00 02 04
[129880.526442] ovs_keydump: start=296 len=88 hash=0xa8c0d324
[129880.526444] ovs_keydump: 00000000: 00 00 00 00 00 00 00 00 00 00 00 00 00 00 00 00
[129880.526445] ovs_keydump: 00000010: 00 00 00 00 00 00 00 00 00 00 00 00 00 00 00 00
[129880.526446] ovs_keydump: 00000020: 06 00 01 00 00 00 00 00 00 00 00 00 00 00 00 00
[129880.526447] ovs_keydump: 00000030: 00 00 00 00 00 00 00 00 00 00 00 00 00 00 00 00
[129880.526448] ovs_keydump: 00000040: 08 00 00 00 11 00 00 00 00 00 00 00 00 00 00 00
[129880.526449] ovs_keydump: 00000050: 0a 00 01 06 0a 00 02 04
[129880.526463] ovs_keydump: start=296 len=88 hash=0x0e4c6a8c
[129880.526465] ovs_keydump: 00000000: 00 00 00 00 00 00 00 00 00 00 00 00 00 00 00 00
[129880.526466] ovs_keydump: 00000010: 00 00 00 00 00 00 00 00 00 00 00 00 00 00 00 00
[129880.526468] ovs_keydump: 00000020: 06 00 01 00 00 00 00 00 00 00 00 00 00 00 00 00
[129880.526469] ovs_keydump: 00000030: 00 00 00 00 00 00 00 00 00 00 00 00 00 00 00 00
[129880.526470] ovs_keydump: 00000040: 08 00 00 00 11 00 00 00 00 00 4e 4c 23 2a 00 00
[129880.526471] ovs_keydump: 00000050: 0a 00 01 02 0a 00 02 07
[129880.526477] ovs_keydump: start=296 len=88 hash=0xb35a3bf1
[129880.526479] ovs_keydump: 00000000: 00 00 00 00 00 00 00 00 00 00 00 00 00 00 00 00
[129880.526480] ovs_keydump: 00000010: 00 00 00 00 00 00 00 00 00 00 00 00 00 00 00 00
[129880.526481] ovs_keydump: 00000020: 06 00 01 00 00 00 00 00 00 00 00 00 00 00 00 00
[129880.526482] ovs_keydump: 00000030: 00 00 00 00 00 00 00 00 00 00 00 00 00 00 00 00
[129880.526483] ovs_keydump: 00000040: 08 00 00 00 11 00 00 00 00 00 4e 49 23 2e 00 00
[129880.526484] ovs_keydump: 00000050: 0a 00 01 01 0a 00 02 07
[129880.526489] ovs_keydump: start=296 len=88 hash=0xde0c74c0
[129880.526490] ovs_keydump: 00000000: 00 00 00 00 00 00 00 00 00 00 00 00 00 00 00 00
[129880.526491] ovs_keydump: 00000010: 00 00 00 00 00 00 00 00 00 00 00 00 00 00 00 00
[129880.526493] ovs_keydump: 00000020: 06 00 01 00 00 00 00 00 00 00 00 00 00 00 00 00
[129880.526494] ovs_keydump: 00000030: 00 00 00 00 00 00 00 00 00 00 00 00 00 00 00 00
[129880.526495] ovs_keydump: 00000040: 08 00 00 00 11 00 00 00 00 00 4e 59 00 00 00 00
[129880.526496] ovs_keydump: 00000050: 0a 00 01 0c 0a 00 02 06
[129880.526512] ovs_keydump: start=296 len=88 hash=0x4ac31066
[129880.526514] ovs_keydump: 00000000: 00 00 00 00 00 00 00 00 00 00 00 00 00 00 00 00
[129880.526516] ovs_keydump: 00000010: 00 00 00 00 00 00 00 00 00 00 00 00 00 00 00 00
[129880.526517] ovs_keydump: 00000020: 06 00 01 00 00 00 00 00 00 00 00 00 00 00 00 00
[129880.526518] ovs_keydump: 00000030: 00 00 00 00 00 00 00 00 00 00 00 00 00 00 00 00
[129880.526519] ovs_keydump: 00000040: 08 00 00 00 11 00 00 00 00 00 4e 41 00 00 00 00
[129880.526520] ovs_keydump: 00000050: 00 00 00 00 0a 00 02 03
[129880.526524] ovs_keydump: start=296 len=88 hash=0x603753f7
[129880.526526] ovs_keydump: 00000000: 00 00 00 00 00 00 00 00 00 00 00 00 00 00 00 00
[129880.526527] ovs_keydump: 00000010: 00 00 00 00 00 00 00 00 00 00 00 00 00 00 00 00
[129880.526528] ovs_keydump: 00000020: 06 00 01 00 00 00 00 00 00 00 00 00 00 00 00 00
[129880.526529] ovs_keydump: 00000030: 00 00 00 00 00 00 00 00 00 00 00 00 00 00 00 00
[129880.526530] ovs_keydump: 00000040: 08 00 00 00 11 00 00 00 00 00 4e 5e 23 28 00 00
[129880.526531] ovs_keydump: 00000050: 0a 00 01 0e 0a 00 02 07
[129880.526543] ovs_keydump: start=296 len=88 hash=0x2a94e78c
[129880.526545] ovs_keydump: 00000000: 00 00 00 00 00 00 00 00 00 00 00 00 00 00 00 00
[129880.526546] ovs_keydump: 00000010: 00 00 00 00 00 00 00 00 00 00 00 00 00 00 00 00
[129880.526547] ovs_keydump: 00000020: 06 00 01 00 00 00 00 00 00 00 00 00 00 00 00 00
[129880.526548] ovs_keydump: 00000030: 00 00 00 00 00 00 00 00 00 00 00 00 00 00 00 00
[129880.526550] ovs_keydump: 00000040: 08 00 00 00 11 00 00 00 00 00 4e 21 23 29 00 00
[129880.526551] ovs_keydump: 00000050: 0a 00 01 08 0a 00 02 07
[129898.430334] ovs_keydump: start=296 len=88 hash=0xc64d15be
[129898.430349] ovs_keydump: 00000000: 00 00 00 00 00 00 00 00 00 00 00 00 00 00 00 00
[129898.430357] ovs_keydump: 00000010: 00 00 00 00 00 00 00 00 00 00 00 00 00 00 00 00
[129898.430362] ovs_keydump: 00000020: 06 00 01 00 00 00 00 00 00 00 00 00 00 00 00 00
[129898.430366] ovs_keydump: 00000030: 00 00 00 00 00 00 00 00 00 00 00 00 00 00 00 00
[129898.430369] ovs_keydump: 00000040: 08 00 00 00 11 00 00 00 00 00 00 00 00 00 00 00
[129898.430373] ovs_keydump: 00000050: 00 00 00 00 0a 00 02 01
[129898.430412] ovs_keydump: start=296 len=88 hash=0x58e41a85
[129898.430418] ovs_keydump: 00000000: 00 00 00 00 00 00 00 00 00 00 00 00 00 00 00 00
[129898.430423] ovs_keydump: 00000010: 00 00 00 00 00 00 00 00 00 00 00 00 00 00 00 00
[129898.430426] ovs_keydump: 00000020: 06 00 01 00 00 00 00 00 00 00 00 00 00 00 00 00
[129898.430430] ovs_keydump: 00000030: 00 00 00 00 00 00 00 00 00 00 00 00 00 00 00 00
[129898.430434] ovs_keydump: 00000040: 08 00 00 00 11 00 00 00 00 00 00 00 23 2e 00 00
[129898.430437] ovs_keydump: 00000050: 0a 00 01 0b 0a 00 02 05
[129898.430453] ovs_keydump: start=296 len=88 hash=0x739fa5de
[129898.430458] ovs_keydump: 00000000: 00 00 00 00 00 00 00 00 00 00 00 00 00 00 00 00
[129898.430461] ovs_keydump: 00000010: 00 00 00 00 00 00 00 00 00 00 00 00 00 00 00 00
[129898.430465] ovs_keydump: 00000020: 06 00 01 00 00 00 00 00 00 00 00 00 00 00 00 00
[129898.430469] ovs_keydump: 00000030: 00 00 00 00 00 00 00 00 00 00 00 00 00 00 00 00
[129898.430472] ovs_keydump: 00000040: 08 00 00 00 11 00 00 00 00 00 00 00 23 31 00 00
[129898.430476] ovs_keydump: 00000050: 00 00 00 00 0a 00 02 02
[129898.430491] ovs_keydump: start=296 len=88 hash=0x008f7b9b
[129898.430496] ovs_keydump: 00000000: 00 00 00 00 00 00 00 00 00 00 00 00 00 00 00 00
[129898.430500] ovs_keydump: 00000010: 00 00 00 00 00 00 00 00 00 00 00 00 00 00 00 00
[129898.430504] ovs_keydump: 00000020: 06 00 01 00 00 00 00 00 00 00 00 00 00 00 00 00
[129898.430508] ovs_keydump: 00000030: 00 00 00 00 00 00 00 00 00 00 00 00 00 00 00 00
[129898.430511] ovs_keydump: 00000040: 08 00 00 00 11 00 00 00 00 00 4e 3d 00 00 00 00
[129898.430515] ovs_keydump: 00000050: 00 00 00 00 0a 00 02 03
[129898.430527] ovs_keydump: start=296 len=88 hash=0x0952a756
[129898.430532] ovs_keydump: 00000000: 00 00 00 00 00 00 00 00 00 00 00 00 00 00 00 00
[129898.430536] ovs_keydump: 00000010: 00 00 00 00 00 00 00 00 00 00 00 00 00 00 00 00
[129898.430539] ovs_keydump: 00000020: 06 00 01 00 00 00 00 00 00 00 00 00 00 00 00 00
[129898.430543] ovs_keydump: 00000030: 00 00 00 00 00 00 00 00 00 00 00 00 00 00 00 00
[129898.430546] ovs_keydump: 00000040: 08 00 00 00 11 00 00 00 00 00 00 00 23 30 00 00
[129898.430550] ovs_keydump: 00000050: 00 00 00 00 0a 00 02 02
[129898.430587] ovs_keydump: start=296 len=88 hash=0x09350bed
[129898.430592] ovs_keydump: 00000000: 00 00 00 00 00 00 00 00 00 00 00 00 00 00 00 00
[129898.430596] ovs_keydump: 00000010: 00 00 00 00 00 00 00 00 00 00 00 00 00 00 00 00
[129898.430600] ovs_keydump: 00000020: 06 00 01 00 00 00 00 00 00 00 00 00 00 00 00 00
[129898.430603] ovs_keydump: 00000030: 00 00 00 00 00 00 00 00 00 00 00 00 00 00 00 00
[129898.430607] ovs_keydump: 00000040: 08 00 00 00 11 00 00 00 00 00 4e 47 23 2c 00 00
[129898.430611] ovs_keydump: 00000050: 0a 00 01 06 0a 00 02 07
[129898.430664] ovs_keydump: start=296 len=88 hash=0x720c8767
[129898.430669] ovs_keydump: 00000000: 00 00 00 00 00 00 00 00 00 00 00 00 00 00 00 00
[129898.430673] ovs_keydump: 00000010: 00 00 00 00 00 00 00 00 00 00 00 00 00 00 00 00
[129898.430677] ovs_keydump: 00000020: 06 00 01 00 00 00 00 00 00 00 00 00 00 00 00 00
[129898.430681] ovs_keydump: 00000030: 00 00 00 00 00 00 00 00 00 00 00 00 00 00 00 00
[129898.430684] ovs_keydump: 00000040: 08 00 00 00 11 00 00 00 00 00 4e 2d 00 00 00 00
[129898.430688] ovs_keydump: 00000050: 0a 00 01 0f 0a 00 02 06
[129898.430706] ovs_keydump: start=296 len=88 hash=0xef9b42c0
[129898.430710] ovs_keydump: 00000000: 00 00 00 00 00 00 00 00 00 00 00 00 00 00 00 00
[129898.430714] ovs_keydump: 00000010: 00 00 00 00 00 00 00 00 00 00 00 00 00 00 00 00
[129898.430718] ovs_keydump: 00000020: 06 00 01 00 00 00 00 00 00 00 00 00 00 00 00 00
[129898.430721] ovs_keydump: 00000030: 00 00 00 00 00 00 00 00 00 00 00 00 00 00 00 00
[129898.430725] ovs_keydump: 00000040: 08 00 00 00 11 00 00 00 00 00 00 00 23 31 00 00
[129898.430728] ovs_keydump: 00000050: 0a 00 01 03 0a 00 02 05
[129898.430747] ovs_keydump: start=296 len=88 hash=0xe0ecd3c2
[129898.430751] ovs_keydump: 00000000: 00 00 00 00 00 00 00 00 00 00 00 00 00 00 00 00
[129898.430754] ovs_keydump: 00000010: 00 00 00 00 00 00 00 00 00 00 00 00 00 00 00 00
[129898.430758] ovs_keydump: 00000020: 06 00 01 00 00 00 00 00 00 00 00 00 00 00 00 00
[129898.430762] ovs_keydump: 00000030: 00 00 00 00 00 00 00 00 00 00 00 00 00 00 00 00
[129898.430765] ovs_keydump: 00000040: 08 00 00 00 11 00 00 00 00 00 4e 46 23 2c 00 00
[129898.430769] ovs_keydump: 00000050: 0a 00 01 08 0a 00 02 07
[129898.430786] ovs_keydump: start=296 len=88 hash=0xcce0c3de
[129898.430791] ovs_keydump: 00000000: 00 00 00 00 00 00 00 00 00 00 00 00 00 00 00 00
[129898.430794] ovs_keydump: 00000010: 00 00 00 00 00 00 00 00 00 00 00 00 00 00 00 00
[129898.430798] ovs_keydump: 00000020: 06 00 01 00 00 00 00 00 00 00 00 00 00 00 00 00
[129898.430801] ovs_keydump: 00000030: 00 00 00 00 00 00 00 00 00 00 00 00 00 00 00 00
[129898.430805] ovs_keydump: 00000040: 08 00 00 00 11 00 00 00 00 00 4e 3e 23 29 00 00
[129898.430808] ovs_keydump: 00000050: 0a 00 01 0c 0a 00 02 07
[129898.430821] ovs_keydump: start=296 len=88 hash=0xfcb69eb1
[129898.430825] ovs_keydump: 00000000: 00 00 00 00 00 00 00 00 00 00 00 00 00 00 00 00
[129898.430829] ovs_keydump: 00000010: 00 00 00 00 00 00 00 00 00 00 00 00 00 00 00 00
[129898.430832] ovs_keydump: 00000020: 06 00 01 00 00 00 00 00 00 00 00 00 00 00 00 00
[129898.430836] ovs_keydump: 00000030: 00 00 00 00 00 00 00 00 00 00 00 00 00 00 00 00
[129898.430839] ovs_keydump: 00000040: 08 00 00 00 11 00 00 00 00 00 00 00 23 2f 00 00
[129898.430843] ovs_keydump: 00000050: 00 00 00 00 0a 00 02 02
[129898.430855] ovs_keydump: start=296 len=88 hash=0x76b13462
[129898.430881] ovs_keydump: 00000000: 00 00 00 00 00 00 00 00 00 00 00 00 00 00 00 00
[129898.430885] ovs_keydump: 00000010: 00 00 00 00 00 00 00 00 00 00 00 00 00 00 00 00
[129898.430889] ovs_keydump: 00000020: 06 00 01 00 00 00 00 00 00 00 00 00 00 00 00 00
[129898.430893] ovs_keydump: 00000030: 00 00 00 00 00 00 00 00 00 00 00 00 00 00 00 00
[129898.430896] ovs_keydump: 00000040: 08 00 00 00 11 00 00 00 00 00 4e 55 00 00 00 00
[129898.430900] ovs_keydump: 00000050: 0a 00 01 07 0a 00 02 06
[129898.430919] ovs_keydump: start=296 len=88 hash=0x6f21b7f1
[129898.430924] ovs_keydump: 00000000: 00 00 00 00 00 00 00 00 00 00 00 00 00 00 00 00
[129898.430927] ovs_keydump: 00000010: 00 00 00 00 00 00 00 00 00 00 00 00 00 00 00 00
[129898.430931] ovs_keydump: 00000020: 06 00 01 00 00 00 00 00 00 00 00 00 00 00 00 00
[129898.430934] ovs_keydump: 00000030: 00 00 00 00 00 00 00 00 00 00 00 00 00 00 00 00
[129898.430938] ovs_keydump: 00000040: 08 00 00 00 11 00 00 00 00 00 4e 41 23 2b 00 00
[129898.430942] ovs_keydump: 00000050: 0a 00 01 09 0a 00 02 07
[129898.430959] ovs_keydump: start=296 len=88 hash=0x790868db
[129898.430964] ovs_keydump: 00000000: 00 00 00 00 00 00 00 00 00 00 00 00 00 00 00 00
[129898.430968] ovs_keydump: 00000010: 00 00 00 00 00 00 00 00 00 00 00 00 00 00 00 00
[129898.430972] ovs_keydump: 00000020: 06 00 01 00 00 00 00 00 00 00 00 00 00 00 00 00
[129898.430976] ovs_keydump: 00000030: 00 00 00 00 00 00 00 00 00 00 00 00 00 00 00 00
[129898.430979] ovs_keydump: 00000040: 08 00 00 00 11 00 00 00 00 00 4e 53 00 00 00 00
[129898.430983] ovs_keydump: 00000050: 0a 00 01 03 0a 00 02 06
[129898.431015] ovs_keydump: start=296 len=88 hash=0xef1aef2e
[129898.431020] ovs_keydump: 00000000: 00 00 00 00 00 00 00 00 00 00 00 00 00 00 00 00
[129898.431024] ovs_keydump: 00000010: 00 00 00 00 00 00 00 00 00 00 00 00 00 00 00 00
[129898.431028] ovs_keydump: 00000020: 06 00 01 00 00 00 00 00 00 00 00 00 00 00 00 00
[129898.431031] ovs_keydump: 00000030: 00 00 00 00 00 00 00 00 00 00 00 00 00 00 00 00
[129898.431035] ovs_keydump: 00000040: 08 00 00 00 11 00 00 00 00 00 4e 49 00 00 00 00
[129898.431039] ovs_keydump: 00000050: 0a 00 01 09 0a 00 02 06
[129898.431058] ovs_keydump: start=296 len=88 hash=0x733f4490
[129898.431062] ovs_keydump: 00000000: 00 00 00 00 00 00 00 00 00 00 00 00 00 00 00 00
[129898.431066] ovs_keydump: 00000010: 00 00 00 00 00 00 00 00 00 00 00 00 00 00 00 00
[129898.431070] ovs_keydump: 00000020: 06 00 01 00 00 00 00 00 00 00 00 00 00 00 00 00
[129898.431074] ovs_keydump: 00000030: 00 00 00 00 00 00 00 00 00 00 00 00 00 00 00 00
[129898.431078] ovs_keydump: 00000040: 08 00 00 00 11 00 00 00 00 00 00 00 23 30 00 00
[129898.431082] ovs_keydump: 00000050: 0a 00 01 05 0a 00 02 05
[129898.431101] ovs_keydump: start=296 len=88 hash=0x920bc4cb
[129898.431106] ovs_keydump: 00000000: 00 00 00 00 00 00 00 00 00 00 00 00 00 00 00 00
[129898.431110] ovs_keydump: 00000010: 00 00 00 00 00 00 00 00 00 00 00 00 00 00 00 00
[129898.431114] ovs_keydump: 00000020: 06 00 01 00 00 00 00 00 00 00 00 00 00 00 00 00
[129898.431117] ovs_keydump: 00000030: 00 00 00 00 00 00 00 00 00 00 00 00 00 00 00 00
[129898.431121] ovs_keydump: 00000040: 08 00 00 00 11 00 00 00 00 00 00 00 00 00 00 00
[129898.431125] ovs_keydump: 00000050: 0a 00 01 07 0a 00 02 04
[129898.431164] ovs_keydump: start=296 len=88 hash=0x0232b09c
[129898.431169] ovs_keydump: 00000000: 00 00 00 00 00 00 00 00 00 00 00 00 00 00 00 00
[129898.431173] ovs_keydump: 00000010: 00 00 00 00 00 00 00 00 00 00 00 00 00 00 00 00
[129898.431177] ovs_keydump: 00000020: 06 00 01 00 00 00 00 00 00 00 00 00 00 00 00 00
[129898.431181] ovs_keydump: 00000030: 00 00 00 00 00 00 00 00 00 00 00 00 00 00 00 00
[129898.431185] ovs_keydump: 00000040: 08 00 00 00 11 00 00 00 00 00 4e 38 00 00 00 00
[129898.431189] ovs_keydump: 00000050: 0a 00 01 05 0a 00 02 06
[129898.431216] ovs_keydump: start=296 len=88 hash=0x0f971681
[129898.431221] ovs_keydump: 00000000: 00 00 00 00 00 00 00 00 00 00 00 00 00 00 00 00
[129898.431224] ovs_keydump: 00000010: 00 00 00 00 00 00 00 00 00 00 00 00 00 00 00 00
[129898.431228] ovs_keydump: 00000020: 06 00 01 00 00 00 00 00 00 00 00 00 00 00 00 00
[129898.431231] ovs_keydump: 00000030: 00 00 00 00 00 00 00 00 00 00 00 00 00 00 00 00
[129898.431235] ovs_keydump: 00000040: 08 00 00 00 11 00 00 00 00 00 4e 57 23 32 00 00
[129898.431238] ovs_keydump: 00000050: 0a 00 01 08 0a 00 02 07
[129898.431279] ovs_keydump: start=296 len=88 hash=0xbcaef26c
[129898.431287] ovs_keydump: 00000000: 00 00 00 00 00 00 00 00 00 00 00 00 00 00 00 00
[129898.431293] ovs_keydump: 00000010: 00 00 00 00 00 00 00 00 00 00 00 00 00 00 00 00
[129898.431298] ovs_keydump: 00000020: 06 00 01 00 00 00 00 00 00 00 00 00 00 00 00 00
[129898.431304] ovs_keydump: 00000030: 00 00 00 00 00 00 00 00 00 00 00 00 00 00 00 00
[129898.431309] ovs_keydump: 00000040: 08 00 00 00 11 00 00 00 00 00 4e 50 23 2d 00 00
[129898.431314] ovs_keydump: 00000050: 0a 00 01 08 0a 00 02 07
[129898.431334] ovs_keydump: start=296 len=88 hash=0xa7b1baf1
[129898.431340] ovs_keydump: 00000000: 00 00 00 00 00 00 00 00 00 00 00 00 00 00 00 00
[129898.431346] ovs_keydump: 00000010: 00 00 00 00 00 00 00 00 00 00 00 00 00 00 00 00
[129898.431353] ovs_keydump: 00000020: 06 00 01 00 00 00 00 00 00 00 00 00 00 00 00 00
[129898.431360] ovs_keydump: 00000030: 00 00 00 00 00 00 00 00 00 00 00 00 00 00 00 00
[129898.431367] ovs_keydump: 00000040: 08 00 00 00 11 00 00 00 00 00 4e 55 00 00 00 00
[129898.431372] ovs_keydump: 00000050: 0a 00 01 09 0a 00 02 06
[129898.431406] ovs_keydump: start=296 len=88 hash=0x2336da13
[129898.431413] ovs_keydump: 00000000: 00 00 00 00 00 00 00 00 00 00 00 00 00 00 00 00
[129898.431419] ovs_keydump: 00000010: 00 00 00 00 00 00 00 00 00 00 00 00 00 00 00 00
[129898.431425] ovs_keydump: 00000020: 06 00 01 00 00 00 00 00 00 00 00 00 00 00 00 00
[129898.431431] ovs_keydump: 00000030: 00 00 00 00 00 00 00 00 00 00 00 00 00 00 00 00
[129898.431438] ovs_keydump: 00000040: 08 00 00 00 11 00 00 00 00 00 00 00 00 00 00 00
[129898.431444] ovs_keydump: 00000050: 0a 00 01 04 0a 00 02 04
[129898.431505] ovs_keydump: start=296 len=88 hash=0x2a8946c6
[129898.431513] ovs_keydump: 00000000: 00 00 00 00 00 00 00 00 00 00 00 00 00 00 00 00
[129898.431520] ovs_keydump: 00000010: 00 00 00 00 00 00 00 00 00 00 00 00 00 00 00 00
[129898.431527] ovs_keydump: 00000020: 06 00 01 00 00 00 00 00 00 00 00 00 00 00 00 00
[129898.431534] ovs_keydump: 00000030: 00 00 00 00 00 00 00 00 00 00 00 00 00 00 00 00
[129898.431541] ovs_keydump: 00000040: 08 00 00 00 11 00 00 00 00 00 00 00 23 2d 00 00
[129898.431547] ovs_keydump: 00000050: 00 00 00 00 0a 00 02 02
[129898.431568] ovs_keydump: start=296 len=88 hash=0x809375af
[129898.431574] ovs_keydump: 00000000: 00 00 00 00 00 00 00 00 00 00 00 00 00 00 00 00
[129898.431579] ovs_keydump: 00000010: 00 00 00 00 00 00 00 00 00 00 00 00 00 00 00 00
[129898.431584] ovs_keydump: 00000020: 06 00 01 00 00 00 00 00 00 00 00 00 00 00 00 00
[129898.431591] ovs_keydump: 00000030: 00 00 00 00 00 00 00 00 00 00 00 00 00 00 00 00
[129898.431597] ovs_keydump: 00000040: 08 00 00 00 11 00 00 00 00 00 4e 33 00 00 00 00
[129898.431603] ovs_keydump: 00000050: 0a 00 01 05 0a 00 02 06
[129898.431638] ovs_keydump: start=296 len=88 hash=0xb6ff2708
[129898.431647] ovs_keydump: 00000000: 00 00 00 00 00 00 00 00 00 00 00 00 00 00 00 00
[129898.431654] ovs_keydump: 00000010: 00 00 00 00 00 00 00 00 00 00 00 00 00 00 00 00
[129898.431660] ovs_keydump: 00000020: 06 00 01 00 00 00 00 00 00 00 00 00 00 00 00 00
[129898.431667] ovs_keydump: 00000030: 00 00 00 00 00 00 00 00 00 00 00 00 00 00 00 00
[129898.431674] ovs_keydump: 00000040: 08 00 00 00 11 00 00 00 00 00 00 00 23 2a 00 00
[129898.431681] ovs_keydump: 00000050: 0a 00 01 0e 0a 00 02 05
[129898.431823] ovs_keydump: start=296 len=88 hash=0x055531e7
[129898.431833] ovs_keydump: 00000000: 00 00 00 00 00 00 00 00 00 00 00 00 00 00 00 00
[129898.431840] ovs_keydump: 00000010: 00 00 00 00 00 00 00 00 00 00 00 00 00 00 00 00
[129898.431848] ovs_keydump: 00000020: 06 00 01 00 00 00 00 00 00 00 00 00 00 00 00 00
[129898.431854] ovs_keydump: 00000030: 00 00 00 00 00 00 00 00 00 00 00 00 00 00 00 00
[129898.431876] ovs_keydump: 00000040: 08 00 00 00 11 00 00 00 00 00 4e 59 00 00 00 00
[129898.431883] ovs_keydump: 00000050: 0a 00 01 05 0a 00 02 06
[129898.431949] ovs_keydump: start=296 len=88 hash=0xa3d5814c
[129898.431957] ovs_keydump: 00000000: 00 00 00 00 00 00 00 00 00 00 00 00 00 00 00 00
[129898.431964] ovs_keydump: 00000010: 00 00 00 00 00 00 00 00 00 00 00 00 00 00 00 00
[129898.431970] ovs_keydump: 00000020: 06 00 01 00 00 00 00 00 00 00 00 00 00 00 00 00
[129898.431977] ovs_keydump: 00000030: 00 00 00 00 00 00 00 00 00 00 00 00 00 00 00 00
[129898.431983] ovs_keydump: 00000040: 08 00 00 00 11 00 00 00 00 00 00 00 23 2a 00 00
[129898.431990] ovs_keydump: 00000050: 00 00 00 00 0a 00 02 02
[129898.432048] ovs_keydump: start=296 len=88 hash=0xb743feee
[129898.432057] ovs_keydump: 00000000: 00 00 00 00 00 00 00 00 00 00 00 00 00 00 00 00
[129898.432064] ovs_keydump: 00000010: 00 00 00 00 00 00 00 00 00 00 00 00 00 00 00 00
[129898.432071] ovs_keydump: 00000020: 06 00 01 00 00 00 00 00 00 00 00 00 00 00 00 00
[129898.432078] ovs_keydump: 00000030: 00 00 00 00 00 00 00 00 00 00 00 00 00 00 00 00
[129898.432084] ovs_keydump: 00000040: 08 00 00 00 11 00 00 00 00 00 4e 49 00 00 00 00
[129898.432088] ovs_keydump: 00000050: 0a 00 01 0c 0a 00 02 06
[129898.432128] ovs_keydump: start=296 len=88 hash=0x26f80d7b
[129898.432134] ovs_keydump: 00000000: 00 00 00 00 00 00 00 00 00 00 00 00 00 00 00 00
[129898.432141] ovs_keydump: 00000010: 00 00 00 00 00 00 00 00 00 00 00 00 00 00 00 00
[129898.432146] ovs_keydump: 00000020: 06 00 01 00 00 00 00 00 00 00 00 00 00 00 00 00
[129898.432153] ovs_keydump: 00000030: 00 00 00 00 00 00 00 00 00 00 00 00 00 00 00 00
[129898.432160] ovs_keydump: 00000040: 08 00 00 00 11 00 00 00 00 00 00 00 00 00 00 00
[129898.432166] ovs_keydump: 00000050: 0a 00 01 0a 0a 00 02 04
[129898.432199] ovs_keydump: start=296 len=88 hash=0x6a65f26f
[129898.432206] ovs_keydump: 00000000: 00 00 00 00 00 00 00 00 00 00 00 00 00 00 00 00
[129898.432213] ovs_keydump: 00000010: 00 00 00 00 00 00 00 00 00 00 00 00 00 00 00 00
[129898.432219] ovs_keydump: 00000020: 06 00 01 00 00 00 00 00 00 00 00 00 00 00 00 00
[129898.432225] ovs_keydump: 00000030: 00 00 00 00 00 00 00 00 00 00 00 00 00 00 00 00
[129898.432231] ovs_keydump: 00000040: 08 00 00 00 11 00 00 00 00 00 4e 4f 00 00 00 00
[129898.432237] ovs_keydump: 00000050: 00 00 00 00 0a 00 02 03
[129898.432313] ovs_keydump: start=296 len=88 hash=0xd91d6f1a
[129898.432321] ovs_keydump: 00000000: 00 00 00 00 00 00 00 00 00 00 00 00 00 00 00 00
[129898.432328] ovs_keydump: 00000010: 00 00 00 00 00 00 00 00 00 00 00 00 00 00 00 00
[129898.432334] ovs_keydump: 00000020: 06 00 01 00 00 00 00 00 00 00 00 00 00 00 00 00
[129898.432340] ovs_keydump: 00000030: 00 00 00 00 00 00 00 00 00 00 00 00 00 00 00 00
[129898.432347] ovs_keydump: 00000040: 08 00 00 00 11 00 00 00 00 00 4e 53 23 2f 00 00
[129898.432354] ovs_keydump: 00000050: 0a 00 01 02 0a 00 02 07
[129898.432391] ovs_keydump: start=296 len=88 hash=0x3c806358
[129898.432398] ovs_keydump: 00000000: 00 00 00 00 00 00 00 00 00 00 00 00 00 00 00 00
[129898.432405] ovs_keydump: 00000010: 00 00 00 00 00 00 00 00 00 00 00 00 00 00 00 00
[129898.432412] ovs_keydump: 00000020: 06 00 01 00 00 00 00 00 00 00 00 00 00 00 00 00
[129898.432418] ovs_keydump: 00000030: 00 00 00 00 00 00 00 00 00 00 00 00 00 00 00 00
[129898.432425] ovs_keydump: 00000040: 08 00 00 00 11 00 00 00 00 00 00 00 23 2c 00 00
[129898.432432] ovs_keydump: 00000050: 00 00 00 00 0a 00 02 02
[129898.432466] ovs_keydump: start=296 len=88 hash=0xa8c0d324
[129898.432474] ovs_keydump: 00000000: 00 00 00 00 00 00 00 00 00 00 00 00 00 00 00 00
[129898.432481] ovs_keydump: 00000010: 00 00 00 00 00 00 00 00 00 00 00 00 00 00 00 00
[129898.432488] ovs_keydump: 00000020: 06 00 01 00 00 00 00 00 00 00 00 00 00 00 00 00
[129898.432495] ovs_keydump: 00000030: 00 00 00 00 00 00 00 00 00 00 00 00 00 00 00 00
[129898.432503] ovs_keydump: 00000040: 08 00 00 00 11 00 00 00 00 00 00 00 00 00 00 00
[129898.432509] ovs_keydump: 00000050: 0a 00 01 06 0a 00 02 04
[129898.432541] ovs_keydump: start=296 len=88 hash=0x1ddc80da
[129898.432549] ovs_keydump: 00000000: 00 00 00 00 00 00 00 00 00 00 00 00 00 00 00 00
[129898.432555] ovs_keydump: 00000010: 00 00 00 00 00 00 00 00 00 00 00 00 00 00 00 00
[129898.432562] ovs_keydump: 00000020: 06 00 01 00 00 00 00 00 00 00 00 00 00 00 00 00
[129898.432569] ovs_keydump: 00000030: 00 00 00 00 00 00 00 00 00 00 00 00 00 00 00 00
[129898.432576] ovs_keydump: 00000040: 08 00 00 00 11 00 00 00 00 00 4e 51 23 2a 00 00
[129898.432583] ovs_keydump: 00000050: 0a 00 01 03 0a 00 02 07
[129898.432630] ovs_keydump: start=296 len=88 hash=0xf6e4ae63
[129898.432638] ovs_keydump: 00000000: 00 00 00 00 00 00 00 00 00 00 00 00 00 00 00 00
[129898.432646] ovs_keydump: 00000010: 00 00 00 00 00 00 00 00 00 00 00 00 00 00 00 00
[129898.432653] ovs_keydump: 00000020: 06 00 01 00 00 00 00 00 00 00 00 00 00 00 00 00
[129898.432660] ovs_keydump: 00000030: 00 00 00 00 00 00 00 00 00 00 00 00 00 00 00 00
[129898.432667] ovs_keydump: 00000040: 08 00 00 00 11 00 00 00 00 00 00 00 23 32 00 00
[129898.432674] ovs_keydump: 00000050: 0a 00 01 0a 0a 00 02 05
[129898.432710] ovs_keydump: start=296 len=88 hash=0x67a8e18c
[129898.432718] ovs_keydump: 00000000: 00 00 00 00 00 00 00 00 00 00 00 00 00 00 00 00
[129898.432726] ovs_keydump: 00000010: 00 00 00 00 00 00 00 00 00 00 00 00 00 00 00 00
[129898.432733] ovs_keydump: 00000020: 06 00 01 00 00 00 00 00 00 00 00 00 00 00 00 00
[129898.432740] ovs_keydump: 00000030: 00 00 00 00 00 00 00 00 00 00 00 00 00 00 00 00
[129898.432747] ovs_keydump: 00000040: 08 00 00 00 11 00 00 00 00 00 4e 56 23 2b 00 00
[129898.432753] ovs_keydump: 00000050: 0a 00 01 01 0a 00 02 07
[129898.432845] ovs_keydump: start=296 len=88 hash=0x92e127b2
[129898.432853] ovs_keydump: 00000000: 00 00 00 00 00 00 00 00 00 00 00 00 00 00 00 00
[129898.432874] ovs_keydump: 00000010: 00 00 00 00 00 00 00 00 00 00 00 00 00 00 00 00
[129898.432881] ovs_keydump: 00000020: 06 00 01 00 00 00 00 00 00 00 00 00 00 00 00 00
[129898.432888] ovs_keydump: 00000030: 00 00 00 00 00 00 00 00 00 00 00 00 00 00 00 00
[129898.432895] ovs_keydump: 00000040: 08 00 00 00 11 00 00 00 00 00 4e 3e 00 00 00 00
[129898.432900] ovs_keydump: 00000050: 0a 00 01 02 0a 00 02 06
[129898.432937] ovs_keydump: start=296 len=88 hash=0xab19019a
[129898.432946] ovs_keydump: 00000000: 00 00 00 00 00 00 00 00 00 00 00 00 00 00 00 00
[129898.432953] ovs_keydump: 00000010: 00 00 00 00 00 00 00 00 00 00 00 00 00 00 00 00
[129898.432960] ovs_keydump: 00000020: 06 00 01 00 00 00 00 00 00 00 00 00 00 00 00 00
[129898.432967] ovs_keydump: 00000030: 00 00 00 00 00 00 00 00 00 00 00 00 00 00 00 00
[129898.432974] ovs_keydump: 00000040: 08 00 00 00 11 00 00 00 00 00 4e 39 00 00 00 00
[129898.432981] ovs_keydump: 00000050: 00 00 00 00 0a 00 02 03
[129898.433005] ovs_keydump: start=296 len=88 hash=0xb00dc436
[129898.433013] ovs_keydump: 00000000: 00 00 00 00 00 00 00 00 00 00 00 00 00 00 00 00
[129898.433019] ovs_keydump: 00000010: 00 00 00 00 00 00 00 00 00 00 00 00 00 00 00 00
[129898.433026] ovs_keydump: 00000020: 06 00 01 00 00 00 00 00 00 00 00 00 00 00 00 00
[129898.433032] ovs_keydump: 00000030: 00 00 00 00 00 00 00 00 00 00 00 00 00 00 00 00
[129898.433039] ovs_keydump: 00000040: 08 00 00 00 11 00 00 00 00 00 4e 57 00 00 00 00
[129898.433045] ovs_keydump: 00000050: 00 00 00 00 0a 00 02 03
[129898.433069] ovs_keydump: start=296 len=88 hash=0xddec6c11
[129898.433077] ovs_keydump: 00000000: 00 00 00 00 00 00 00 00 00 00 00 00 00 00 00 00
[129898.433084] ovs_keydump: 00000010: 00 00 00 00 00 00 00 00 00 00 00 00 00 00 00 00
[129898.433090] ovs_keydump: 00000020: 06 00 01 00 00 00 00 00 00 00 00 00 00 00 00 00
[129898.433097] ovs_keydump: 00000030: 00 00 00 00 00 00 00 00 00 00 00 00 00 00 00 00
[129898.433104] ovs_keydump: 00000040: 08 00 00 00 11 00 00 00 00 00 4e 48 00 00 00 00
[129898.433111] ovs_keydump: 00000050: 00 00 00 00 0a 00 02 03
[129898.433146] ovs_keydump: start=296 len=88 hash=0x13d8d0ae
[129898.433155] ovs_keydump: 00000000: 00 00 00 00 00 00 00 00 00 00 00 00 00 00 00 00
[129898.433162] ovs_keydump: 00000010: 00 00 00 00 00 00 00 00 00 00 00 00 00 00 00 00
[129898.433169] ovs_keydump: 00000020: 06 00 01 00 00 00 00 00 00 00 00 00 00 00 00 00
[129898.433176] ovs_keydump: 00000030: 00 00 00 00 00 00 00 00 00 00 00 00 00 00 00 00
[129898.433183] ovs_keydump: 00000040: 08 00 00 00 11 00 00 00 00 00 4e 51 00 00 00 00
[129898.433189] ovs_keydump: 00000050: 00 00 00 00 0a 00 02 03
[129898.433212] ovs_keydump: start=296 len=88 hash=0x4718d1eb
[129898.433220] ovs_keydump: 00000000: 00 00 00 00 00 00 00 00 00 00 00 00 00 00 00 00
[129898.433228] ovs_keydump: 00000010: 00 00 00 00 00 00 00 00 00 00 00 00 00 00 00 00
[129898.433235] ovs_keydump: 00000020: 06 00 01 00 00 00 00 00 00 00 00 00 00 00 00 00
[129898.433242] ovs_keydump: 00000030: 00 00 00 00 00 00 00 00 00 00 00 00 00 00 00 00
[129898.433249] ovs_keydump: 00000040: 08 00 00 00 11 00 00 00 00 00 00 00 23 2c 00 00
[129898.433257] ovs_keydump: 00000050: 0a 00 01 0b 0a 00 02 05
[129898.433310] ovs_keydump: start=296 len=88 hash=0xe9848dc3
[129898.433319] ovs_keydump: 00000000: 00 00 00 00 00 00 00 00 00 00 00 00 00 00 00 00
[129898.433326] ovs_keydump: 00000010: 00 00 00 00 00 00 00 00 00 00 00 00 00 00 00 00
[129898.433332] ovs_keydump: 00000020: 06 00 01 00 00 00 00 00 00 00 00 00 00 00 00 00
[129898.433339] ovs_keydump: 00000030: 00 00 00 00 00 00 00 00 00 00 00 00 00 00 00 00
[129898.433346] ovs_keydump: 00000040: 08 00 00 00 11 00 00 00 00 00 00 00 23 34 00 00
[129898.433352] ovs_keydump: 00000050: 0a 00 01 02 0a 00 02 05
[129898.433387] ovs_keydump: start=296 len=88 hash=0xd3c264ec
[129898.433395] ovs_keydump: 00000000: 00 00 00 00 00 00 00 00 00 00 00 00 00 00 00 00
[129898.433402] ovs_keydump: 00000010: 00 00 00 00 00 00 00 00 00 00 00 00 00 00 00 00
[129898.433409] ovs_keydump: 00000020: 06 00 01 00 00 00 00 00 00 00 00 00 00 00 00 00
[129898.433416] ovs_keydump: 00000030: 00 00 00 00 00 00 00 00 00 00 00 00 00 00 00 00
[129898.433422] ovs_keydump: 00000040: 08 00 00 00 11 00 00 00 00 00 00 00 23 35 00 00
[129898.433429] ovs_keydump: 00000050: 0a 00 01 04 0a 00 02 05
[129898.433451] ovs_keydump: start=296 len=88 hash=0x8dfa0d5b
[129898.433458] ovs_keydump: 00000000: 00 00 00 00 00 00 00 00 00 00 00 00 00 00 00 00
[129898.433465] ovs_keydump: 00000010: 00 00 00 00 00 00 00 00 00 00 00 00 00 00 00 00
[129898.433472] ovs_keydump: 00000020: 06 00 01 00 00 00 00 00 00 00 00 00 00 00 00 00
[129898.433479] ovs_keydump: 00000030: 00 00 00 00 00 00 00 00 00 00 00 00 00 00 00 00
[129898.433485] ovs_keydump: 00000040: 08 00 00 00 11 00 00 00 00 00 4e 53 23 29 00 00
[129898.433492] ovs_keydump: 00000050: 0a 00 01 0c 0a 00 02 07
[129898.433550] ovs_keydump: start=296 len=88 hash=0xf4ac22a3
[129898.433559] ovs_keydump: 00000000: 00 00 00 00 00 00 00 00 00 00 00 00 00 00 00 00
[129898.433566] ovs_keydump: 00000010: 00 00 00 00 00 00 00 00 00 00 00 00 00 00 00 00
[129898.433573] ovs_keydump: 00000020: 06 00 01 00 00 00 00 00 00 00 00 00 00 00 00 00
[129898.433580] ovs_keydump: 00000030: 00 00 00 00 00 00 00 00 00 00 00 00 00 00 00 00
[129898.433587] ovs_keydump: 00000040: 08 00 00 00 11 00 00 00 00 00 00 00 23 2e 00 00
[129898.433594] ovs_keydump: 00000050: 0a 00 01 0a 0a 00 02 05
[129898.433652] ovs_keydump: start=296 len=88 hash=0x8fc557b9
[129898.433661] ovs_keydump: 00000000: 00 00 00 00 00 00 00 00 00 00 00 00 00 00 00 00
[129898.433669] ovs_keydump: 00000010: 00 00 00 00 00 00 00 00 00 00 00 00 00 00 00 00
[129898.433676] ovs_keydump: 00000020: 06 00 01 00 00 00 00 00 00 00 00 00 00 00 00 00
[129898.433683] ovs_keydump: 00000030: 00 00 00 00 00 00 00 00 00 00 00 00 00 00 00 00
[129898.433690] ovs_keydump: 00000040: 08 00 00 00 11 00 00 00 00 00 4e 21 00 00 00 00
[129898.433696] ovs_keydump: 00000050: 00 00 00 00 0a 00 02 03
[129898.433759] ovs_keydump: start=296 len=88 hash=0x691ef1a5
[129898.433768] ovs_keydump: 00000000: 00 00 00 00 00 00 00 00 00 00 00 00 00 00 00 00
[129898.433774] ovs_keydump: 00000010: 00 00 00 00 00 00 00 00 00 00 00 00 00 00 00 00
[129898.433782] ovs_keydump: 00000020: 06 00 01 00 00 00 00 00 00 00 00 00 00 00 00 00
[129898.433788] ovs_keydump: 00000030: 00 00 00 00 00 00 00 00 00 00 00 00 00 00 00 00
[129898.433795] ovs_keydump: 00000040: 08 00 00 00 11 00 00 00 00 00 4e 5c 00 00 00 00
[129898.433802] ovs_keydump: 00000050: 0a 00 01 04 0a 00 02 06
[129898.433839] ovs_keydump: start=296 len=88 hash=0x9505b749
[129898.433847] ovs_keydump: 00000000: 00 00 00 00 00 00 00 00 00 00 00 00 00 00 00 00
[129898.433854] ovs_keydump: 00000010: 00 00 00 00 00 00 00 00 00 00 00 00 00 00 00 00
[129898.433876] ovs_keydump: 00000020: 06 00 01 00 00 00 00 00 00 00 00 00 00 00 00 00
[129898.433883] ovs_keydump: 00000030: 00 00 00 00 00 00 00 00 00 00 00 00 00 00 00 00
[129898.433889] ovs_keydump: 00000040: 08 00 00 00 11 00 00 00 00 00 00 00 23 2b 00 00
[129898.433895] ovs_keydump: 00000050: 0a 00 01 0c 0a 00 02 05
[129898.434591] ovs_keydump: start=296 len=88 hash=0x3d983c05
[129898.434592] ovs_keydump: 00000000: 00 00 00 00 00 00 00 00 00 00 00 00 00 00 00 00
[129898.434593] ovs_keydump: 00000010: 00 00 00 00 00 00 00 00 00 00 00 00 00 00 00 00
[129898.434594] ovs_keydump: 00000020: 06 00 01 00 00 00 00 00 00 00 00 00 00 00 00 00
[129898.434594] ovs_keydump: 00000030: 00 00 00 00 00 00 00 00 00 00 00 00 00 00 00 00
[129898.434595] ovs_keydump: 00000040: 08 00 00 00 11 00 00 00 00 00 4e 48 23 2c 00 00
[129898.434596] ovs_keydump: 00000050: 0a 00 01 01 0a 00 02 07
[129898.434601] ovs_keydump: start=296 len=88 hash=0xef7b019b
[129898.434602] ovs_keydump: 00000000: 00 00 00 00 00 00 00 00 00 00 00 00 00 00 00 00
[129898.434602] ovs_keydump: 00000010: 00 00 00 00 00 00 00 00 00 00 00 00 00 00 00 00
[129898.434603] ovs_keydump: 00000020: 06 00 01 00 00 00 00 00 00 00 00 00 00 00 00 00
[129898.434604] ovs_keydump: 00000030: 00 00 00 00 00 00 00 00 00 00 00 00 00 00 00 00
[129898.434604] ovs_keydump: 00000040: 08 00 00 00 11 00 00 00 00 00 00 00 23 2d 00 00
[129898.434605] ovs_keydump: 00000050: 0a 00 01 01 0a 00 02 05
[129898.434608] ovs_keydump: start=296 len=88 hash=0x971aa3cd
[129898.434609] ovs_keydump: 00000000: 00 00 00 00 00 00 00 00 00 00 00 00 00 00 00 00
[129898.434610] ovs_keydump: 00000010: 00 00 00 00 00 00 00 00 00 00 00 00 00 00 00 00
[129898.434611] ovs_keydump: 00000020: 06 00 01 00 00 00 00 00 00 00 00 00 00 00 00 00
[129898.434611] ovs_keydump: 00000030: 00 00 00 00 00 00 00 00 00 00 00 00 00 00 00 00
[129898.434612] ovs_keydump: 00000040: 08 00 00 00 11 00 00 00 00 00 00 00 23 32 00 00
[129898.434613] ovs_keydump: 00000050: 00 00 00 00 0a 00 02 02
[129898.434616] ovs_keydump: start=296 len=88 hash=0x2b0561bc
[129898.434617] ovs_keydump: 00000000: 00 00 00 00 00 00 00 00 00 00 00 00 00 00 00 00
[129898.434617] ovs_keydump: 00000010: 00 00 00 00 00 00 00 00 00 00 00 00 00 00 00 00
[129898.434618] ovs_keydump: 00000020: 06 00 01 00 00 00 00 00 00 00 00 00 00 00 00 00
[129898.434619] ovs_keydump: 00000030: 00 00 00 00 00 00 00 00 00 00 00 00 00 00 00 00
[129898.434619] ovs_keydump: 00000040: 08 00 00 00 11 00 00 00 00 00 4e 57 00 00 00 00
[129898.434620] ovs_keydump: 00000050: 0a 00 01 09 0a 00 02 06
[129898.434631] ovs_keydump: start=296 len=88 hash=0x61636521
[129898.434632] ovs_keydump: 00000000: 00 00 00 00 00 00 00 00 00 00 00 00 00 00 00 00
[129898.434632] ovs_keydump: 00000010: 00 00 00 00 00 00 00 00 00 00 00 00 00 00 00 00
[129898.434633] ovs_keydump: 00000020: 06 00 01 00 00 00 00 00 00 00 00 00 00 00 00 00
[129898.434634] ovs_keydump: 00000030: 00 00 00 00 00 00 00 00 00 00 00 00 00 00 00 00
[129898.434635] ovs_keydump: 00000040: 08 00 00 00 11 00 00 00 00 00 00 00 00 00 00 00
[129898.434635] ovs_keydump: 00000050: 0a 00 01 0b 0a 00 02 04
[129898.434642] ovs_keydump: start=296 len=88 hash=0xc2e5e290
[129898.434643] ovs_keydump: 00000000: 00 00 00 00 00 00 00 00 00 00 00 00 00 00 00 00
[129898.434644] ovs_keydump: 00000010: 00 00 00 00 00 00 00 00 00 00 00 00 00 00 00 00
[129898.434644] ovs_keydump: 00000020: 06 00 01 00 00 00 00 00 00 00 00 00 00 00 00 00
[129898.434645] ovs_keydump: 00000030: 00 00 00 00 00 00 00 00 00 00 00 00 00 00 00 00
[129898.434646] ovs_keydump: 00000040: 08 00 00 00 11 00 00 00 00 00 4e 55 23 33 00 00
[129898.434646] ovs_keydump: 00000050: 0a 00 01 0b 0a 00 02 07
[129898.434650] ovs_keydump: start=296 len=88 hash=0xa15406ce
[129898.434651] ovs_keydump: 00000000: 00 00 00 00 00 00 00 00 00 00 00 00 00 00 00 00
[129898.434652] ovs_keydump: 00000010: 00 00 00 00 00 00 00 00 00 00 00 00 00 00 00 00
[129898.434652] ovs_keydump: 00000020: 06 00 01 00 00 00 00 00 00 00 00 00 00 00 00 00
[129898.434653] ovs_keydump: 00000030: 00 00 00 00 00 00 00 00 00 00 00 00 00 00 00 00
[129898.434654] ovs_keydump: 00000040: 08 00 00 00 11 00 00 00 00 00 00 00 23 36 00 00
[129898.434654] ovs_keydump: 00000050: 0a 00 01 0b 0a 00 02 05
[129898.434657] ovs_keydump: start=296 len=88 hash=0xa7d71a1d
[129898.434658] ovs_keydump: 00000000: 00 00 00 00 00 00 00 00 00 00 00 00 00 00 00 00
[129898.434658] ovs_keydump: 00000010: 00 00 00 00 00 00 00 00 00 00 00 00 00 00 00 00
[129898.434659] ovs_keydump: 00000020: 06 00 01 00 00 00 00 00 00 00 00 00 00 00 00 00
[129898.434660] ovs_keydump: 00000030: 00 00 00 00 00 00 00 00 00 00 00 00 00 00 00 00
[129898.434660] ovs_keydump: 00000040: 08 00 00 00 11 00 00 00 00 00 4e 35 00 00 00 00
[129898.434661] ovs_keydump: 00000050: 00 00 00 00 0a 00 02 03
[129898.434664] ovs_keydump: start=296 len=88 hash=0x73b4be91
[129898.434664] ovs_keydump: 00000000: 00 00 00 00 00 00 00 00 00 00 00 00 00 00 00 00
[129898.434665] ovs_keydump: 00000010: 00 00 00 00 00 00 00 00 00 00 00 00 00 00 00 00
[129898.434666] ovs_keydump: 00000020: 06 00 01 00 00 00 00 00 00 00 00 00 00 00 00 00
[129898.434666] ovs_keydump: 00000030: 00 00 00 00 00 00 00 00 00 00 00 00 00 00 00 00
[129898.434667] ovs_keydump: 00000040: 08 00 00 00 11 00 00 00 00 00 4e 37 23 2e 00 00
[129898.434668] ovs_keydump: 00000050: 0a 00 01 02 0a 00 02 07
[129898.434670] ovs_keydump: start=296 len=88 hash=0x3fac7183
[129898.434671] ovs_keydump: 00000000: 00 00 00 00 00 00 00 00 00 00 00 00 00 00 00 00
[129898.434672] ovs_keydump: 00000010: 00 00 00 00 00 00 00 00 00 00 00 00 00 00 00 00
[129898.434672] ovs_keydump: 00000020: 06 00 01 00 00 00 00 00 00 00 00 00 00 00 00 00
[129898.434673] ovs_keydump: 00000030: 00 00 00 00 00 00 00 00 00 00 00 00 00 00 00 00
[129898.434674] ovs_keydump: 00000040: 08 00 00 00 11 00 00 00 00 00 4e 56 00 00 00 00
[129898.434674] ovs_keydump: 00000050: 00 00 00 00 0a 00 02 03
[129898.434678] ovs_keydump: start=296 len=88 hash=0x5552f835
[129898.434679] ovs_keydump: 00000000: 00 00 00 00 00 00 00 00 00 00 00 00 00 00 00 00
[129898.434679] ovs_keydump: 00000010: 00 00 00 00 00 00 00 00 00 00 00 00 00 00 00 00
[129898.434680] ovs_keydump: 00000020: 06 00 01 00 00 00 00 00 00 00 00 00 00 00 00 00
[129898.434681] ovs_keydump: 00000030: 00 00 00 00 00 00 00 00 00 00 00 00 00 00 00 00
[129898.434681] ovs_keydump: 00000040: 08 00 00 00 11 00 00 00 00 00 00 00 23 35 00 00
[129898.434682] ovs_keydump: 00000050: 00 00 00 00 0a 00 02 02
[129898.434684] ovs_keydump: start=296 len=88 hash=0x9d35d88f
[129898.434685] ovs_keydump: 00000000: 00 00 00 00 00 00 00 00 00 00 00 00 00 00 00 00
[129898.434686] ovs_keydump: 00000010: 00 00 00 00 00 00 00 00 00 00 00 00 00 00 00 00
[129898.434687] ovs_keydump: 00000020: 06 00 01 00 00 00 00 00 00 00 00 00 00 00 00 00
[129898.434687] ovs_keydump: 00000030: 00 00 00 00 00 00 00 00 00 00 00 00 00 00 00 00
[129898.434688] ovs_keydump: 00000040: 08 00 00 00 11 00 00 00 00 00 00 00 23 34 00 00
[129898.434689] ovs_keydump: 00000050: 0a 00 01 04 0a 00 02 05
[129898.434692] ovs_keydump: start=296 len=88 hash=0x91fda2e7
[129898.434693] ovs_keydump: 00000000: 00 00 00 00 00 00 00 00 00 00 00 00 00 00 00 00
[129898.434694] ovs_keydump: 00000010: 00 00 00 00 00 00 00 00 00 00 00 00 00 00 00 00
[129898.434694] ovs_keydump: 00000020: 06 00 01 00 00 00 00 00 00 00 00 00 00 00 00 00
[129898.434695] ovs_keydump: 00000030: 00 00 00 00 00 00 00 00 00 00 00 00 00 00 00 00
[129898.434696] ovs_keydump: 00000040: 08 00 00 00 11 00 00 00 00 00 4e 30 00 00 00 00
[129898.434696] ovs_keydump: 00000050: 00 00 00 00 0a 00 02 03
[129898.434702] ovs_keydump: start=296 len=88 hash=0x4c8a9043
[129898.434703] ovs_keydump: 00000000: 00 00 00 00 00 00 00 00 00 00 00 00 00 00 00 00
[129898.434704] ovs_keydump: 00000010: 00 00 00 00 00 00 00 00 00 00 00 00 00 00 00 00
[129898.434704] ovs_keydump: 00000020: 06 00 01 00 00 00 00 00 00 00 00 00 00 00 00 00
[129898.434705] ovs_keydump: 00000030: 00 00 00 00 00 00 00 00 00 00 00 00 00 00 00 00
[129898.434706] ovs_keydump: 00000040: 08 00 00 00 11 00 00 00 00 00 4e 30 00 00 00 00
[129898.434706] ovs_keydump: 00000050: 0a 00 01 06 0a 00 02 06
[129898.434710] ovs_keydump: start=296 len=88 hash=0x0738aaaa
[129898.434711] ovs_keydump: 00000000: 00 00 00 00 00 00 00 00 00 00 00 00 00 00 00 00
[129898.434712] ovs_keydump: 00000010: 00 00 00 00 00 00 00 00 00 00 00 00 00 00 00 00
[129898.434712] ovs_keydump: 00000020: 06 00 01 00 00 00 00 00 00 00 00 00 00 00 00 00
[129898.434713] ovs_keydump: 00000030: 00 00 00 00 00 00 00 00 00 00 00 00 00 00 00 00
[129898.434714] ovs_keydump: 00000040: 08 00 00 00 11 00 00 00 00 00 00 00 23 30 00 00
[129898.434714] ovs_keydump: 00000050: 0a 00 01 08 0a 00 02 05
[129987.839109] ovs_keydump: start=296 len=88 hash=0x82e37093
[129987.839126] ovs_keydump: 00000000: 00 00 00 00 00 00 00 00 00 00 00 00 00 00 00 00
[129987.839133] ovs_keydump: 00000010: 00 00 00 00 00 00 00 00 00 00 00 00 00 00 00 00
[129987.839138] ovs_keydump: 00000020: 06 00 01 00 00 00 00 00 00 00 00 00 00 00 00 00
[129987.839143] ovs_keydump: 00000030: 00 00 00 00 00 00 00 00 00 00 00 00 00 00 00 00
[129987.839146] ovs_keydump: 00000040: 08 00 00 00 11 00 00 00 00 00 00 00 00 00 00 00
[129987.839150] ovs_keydump: 00000050: 0a 00 01 09 0a 00 02 04
[129987.839168] ovs_keydump: start=296 len=88 hash=0xc64d15be
[129987.839174] ovs_keydump: 00000000: 00 00 00 00 00 00 00 00 00 00 00 00 00 00 00 00
[129987.839179] ovs_keydump: 00000010: 00 00 00 00 00 00 00 00 00 00 00 00 00 00 00 00
[129987.839183] ovs_keydump: 00000020: 06 00 01 00 00 00 00 00 00 00 00 00 00 00 00 00
[129987.839186] ovs_keydump: 00000030: 00 00 00 00 00 00 00 00 00 00 00 00 00 00 00 00
[129987.839190] ovs_keydump: 00000040: 08 00 00 00 11 00 00 00 00 00 00 00 00 00 00 00
[129987.839193] ovs_keydump: 00000050: 00 00 00 00 0a 00 02 01
[129987.839228] ovs_keydump: start=296 len=88 hash=0x7695e1c4
[129987.839233] ovs_keydump: 00000000: 00 00 00 00 00 00 00 00 00 00 00 00 00 00 00 00
[129987.839237] ovs_keydump: 00000010: 00 00 00 00 00 00 00 00 00 00 00 00 00 00 00 00
[129987.839241] ovs_keydump: 00000020: 06 00 01 00 00 00 00 00 00 00 00 00 00 00 00 00
[129987.839245] ovs_keydump: 00000030: 00 00 00 00 00 00 00 00 00 00 00 00 00 00 00 00
[129987.839248] ovs_keydump: 00000040: 08 00 00 00 11 00 00 00 00 00 4e 4d 23 34 00 00
[129987.839252] ovs_keydump: 00000050: 0a 00 01 0e 0a 00 02 07
[129987.839263] ovs_keydump: start=296 len=88 hash=0x26f80d7b
[129987.839267] ovs_keydump: 00000000: 00 00 00 00 00 00 00 00 00 00 00 00 00 00 00 00
[129987.839271] ovs_keydump: 00000010: 00 00 00 00 00 00 00 00 00 00 00 00 00 00 00 00
[129987.839275] ovs_keydump: 00000020: 06 00 01 00 00 00 00 00 00 00 00 00 00 00 00 00
[129987.839279] ovs_keydump: 00000030: 00 00 00 00 00 00 00 00 00 00 00 00 00 00 00 00
[129987.839282] ovs_keydump: 00000040: 08 00 00 00 11 00 00 00 00 00 00 00 00 00 00 00
[129987.839286] ovs_keydump: 00000050: 0a 00 01 0a 0a 00 02 04
[129987.839302] ovs_keydump: start=296 len=88 hash=0x920bc4cb
[129987.839306] ovs_keydump: 00000000: 00 00 00 00 00 00 00 00 00 00 00 00 00 00 00 00
[129987.839310] ovs_keydump: 00000010: 00 00 00 00 00 00 00 00 00 00 00 00 00 00 00 00
[129987.839314] ovs_keydump: 00000020: 06 00 01 00 00 00 00 00 00 00 00 00 00 00 00 00
[129987.839317] ovs_keydump: 00000030: 00 00 00 00 00 00 00 00 00 00 00 00 00 00 00 00
[129987.839321] ovs_keydump: 00000040: 08 00 00 00 11 00 00 00 00 00 00 00 00 00 00 00
[129987.839325] ovs_keydump: 00000050: 0a 00 01 07 0a 00 02 04
[129987.839340] ovs_keydump: start=296 len=88 hash=0xa45a6584
[129987.839344] ovs_keydump: 00000000: 00 00 00 00 00 00 00 00 00 00 00 00 00 00 00 00
[129987.839348] ovs_keydump: 00000010: 00 00 00 00 00 00 00 00 00 00 00 00 00 00 00 00
[129987.839352] ovs_keydump: 00000020: 06 00 01 00 00 00 00 00 00 00 00 00 00 00 00 00
[129987.839355] ovs_keydump: 00000030: 00 00 00 00 00 00 00 00 00 00 00 00 00 00 00 00
[129987.839359] ovs_keydump: 00000040: 08 00 00 00 11 00 00 00 00 00 00 00 23 2b 00 00
[129987.839363] ovs_keydump: 00000050: 00 00 00 00 0a 00 02 02
[129987.839375] ovs_keydump: start=296 len=88 hash=0x2a8946c6
[129987.839379] ovs_keydump: 00000000: 00 00 00 00 00 00 00 00 00 00 00 00 00 00 00 00
[129987.839382] ovs_keydump: 00000010: 00 00 00 00 00 00 00 00 00 00 00 00 00 00 00 00
[129987.839386] ovs_keydump: 00000020: 06 00 01 00 00 00 00 00 00 00 00 00 00 00 00 00
[129987.839390] ovs_keydump: 00000030: 00 00 00 00 00 00 00 00 00 00 00 00 00 00 00 00
[129987.839393] ovs_keydump: 00000040: 08 00 00 00 11 00 00 00 00 00 00 00 23 2d 00 00
[129987.839397] ovs_keydump: 00000050: 00 00 00 00 0a 00 02 02
[129987.839427] ovs_keydump: start=296 len=88 hash=0xd3a84b6a
[129987.839431] ovs_keydump: 00000000: 00 00 00 00 00 00 00 00 00 00 00 00 00 00 00 00
[129987.839435] ovs_keydump: 00000010: 00 00 00 00 00 00 00 00 00 00 00 00 00 00 00 00
[129987.839439] ovs_keydump: 00000020: 06 00 01 00 00 00 00 00 00 00 00 00 00 00 00 00
[129987.839443] ovs_keydump: 00000030: 00 00 00 00 00 00 00 00 00 00 00 00 00 00 00 00
[129987.839446] ovs_keydump: 00000040: 08 00 00 00 11 00 00 00 00 00 4e 2e 00 00 00 00
[129987.839450] ovs_keydump: 00000050: 00 00 00 00 0a 00 02 03
[129987.839488] ovs_keydump: start=296 len=88 hash=0xdfe18fc7
[129987.839493] ovs_keydump: 00000000: 00 00 00 00 00 00 00 00 00 00 00 00 00 00 00 00
[129987.839497] ovs_keydump: 00000010: 00 00 00 00 00 00 00 00 00 00 00 00 00 00 00 00
[129987.839501] ovs_keydump: 00000020: 06 00 01 00 00 00 00 00 00 00 00 00 00 00 00 00
[129987.839504] ovs_keydump: 00000030: 00 00 00 00 00 00 00 00 00 00 00 00 00 00 00 00
[129987.839508] ovs_keydump: 00000040: 08 00 00 00 11 00 00 00 00 00 4e 20 00 00 00 00
[129987.839512] ovs_keydump: 00000050: 00 00 00 00 0a 00 02 03
[129987.839529] ovs_keydump: start=296 len=88 hash=0xa3d5814c
[129987.839533] ovs_keydump: 00000000: 00 00 00 00 00 00 00 00 00 00 00 00 00 00 00 00
[129987.839537] ovs_keydump: 00000010: 00 00 00 00 00 00 00 00 00 00 00 00 00 00 00 00
[129987.839540] ovs_keydump: 00000020: 06 00 01 00 00 00 00 00 00 00 00 00 00 00 00 00
[129987.839544] ovs_keydump: 00000030: 00 00 00 00 00 00 00 00 00 00 00 00 00 00 00 00
[129987.839548] ovs_keydump: 00000040: 08 00 00 00 11 00 00 00 00 00 00 00 23 2a 00 00
[129987.839551] ovs_keydump: 00000050: 00 00 00 00 0a 00 02 02
[129987.839567] ovs_keydump: start=296 len=88 hash=0x3fac7183
[129987.839571] ovs_keydump: 00000000: 00 00 00 00 00 00 00 00 00 00 00 00 00 00 00 00
[129987.839575] ovs_keydump: 00000010: 00 00 00 00 00 00 00 00 00 00 00 00 00 00 00 00
[129987.839578] ovs_keydump: 00000020: 06 00 01 00 00 00 00 00 00 00 00 00 00 00 00 00
[129987.839612] ovs_keydump: 00000030: 00 00 00 00 00 00 00 00 00 00 00 00 00 00 00 00
[129987.839619] ovs_keydump: 00000040: 08 00 00 00 11 00 00 00 00 00 4e 56 00 00 00 00
[129987.839624] ovs_keydump: 00000050: 00 00 00 00 0a 00 02 03
[129987.839666] ovs_keydump: start=296 len=88 hash=0x8229d0ec
[129987.839674] ovs_keydump: 00000000: 00 00 00 00 00 00 00 00 00 00 00 00 00 00 00 00
[129987.839682] ovs_keydump: 00000010: 00 00 00 00 00 00 00 00 00 00 00 00 00 00 00 00
[129987.839690] ovs_keydump: 00000020: 06 00 01 00 00 00 00 00 00 00 00 00 00 00 00 00
[129987.839697] ovs_keydump: 00000030: 00 00 00 00 00 00 00 00 00 00 00 00 00 00 00 00
[129987.839704] ovs_keydump: 00000040: 08 00 00 00 11 00 00 00 00 00 00 00 23 30 00 00
[129987.839711] ovs_keydump: 00000050: 0a 00 01 0b 0a 00 02 05
[129987.839734] ovs_keydump: start=296 len=88 hash=0xab19019a
[129987.839742] ovs_keydump: 00000000: 00 00 00 00 00 00 00 00 00 00 00 00 00 00 00 00
[129987.839749] ovs_keydump: 00000010: 00 00 00 00 00 00 00 00 00 00 00 00 00 00 00 00
[129987.839756] ovs_keydump: 00000020: 06 00 01 00 00 00 00 00 00 00 00 00 00 00 00 00
[129987.839764] ovs_keydump: 00000030: 00 00 00 00 00 00 00 00 00 00 00 00 00 00 00 00
[129987.839770] ovs_keydump: 00000040: 08 00 00 00 11 00 00 00 00 00 4e 39 00 00 00 00
[129987.839778] ovs_keydump: 00000050: 00 00 00 00 0a 00 02 03
[129987.839797] ovs_keydump: start=296 len=88 hash=0xd2c6d033
[129987.839805] ovs_keydump: 00000000: 00 00 00 00 00 00 00 00 00 00 00 00 00 00 00 00
[129987.839812] ovs_keydump: 00000010: 00 00 00 00 00 00 00 00 00 00 00 00 00 00 00 00
[129987.839819] ovs_keydump: 00000020: 06 00 01 00 00 00 00 00 00 00 00 00 00 00 00 00
[129987.839827] ovs_keydump: 00000030: 00 00 00 00 00 00 00 00 00 00 00 00 00 00 00 00
[129987.839834] ovs_keydump: 00000040: 08 00 00 00 11 00 00 00 00 00 00 00 00 00 00 00
[129987.839841] ovs_keydump: 00000050: 0a 00 01 03 0a 00 02 04
[129987.839870] ovs_keydump: start=296 len=88 hash=0xb743feee
[129987.839878] ovs_keydump: 00000000: 00 00 00 00 00 00 00 00 00 00 00 00 00 00 00 00
[129987.839885] ovs_keydump: 00000010: 00 00 00 00 00 00 00 00 00 00 00 00 00 00 00 00
[129987.839892] ovs_keydump: 00000020: 06 00 01 00 00 00 00 00 00 00 00 00 00 00 00 00
[129987.839900] ovs_keydump: 00000030: 00 00 00 00 00 00 00 00 00 00 00 00 00 00 00 00
[129987.839907] ovs_keydump: 00000040: 08 00 00 00 11 00 00 00 00 00 4e 49 00 00 00 00
[129987.839914] ovs_keydump: 00000050: 0a 00 01 0c 0a 00 02 06
[129987.839979] ovs_keydump: start=296 len=88 hash=0xeeecd90d
[129987.839988] ovs_keydump: 00000000: 00 00 00 00 00 00 00 00 00 00 00 00 00 00 00 00
[129987.839994] ovs_keydump: 00000010: 00 00 00 00 00 00 00 00 00 00 00 00 00 00 00 00
[129987.840000] ovs_keydump: 00000020: 06 00 01 00 00 00 00 00 00 00 00 00 00 00 00 00
[129987.840006] ovs_keydump: 00000030: 00 00 00 00 00 00 00 00 00 00 00 00 00 00 00 00
[129987.840013] ovs_keydump: 00000040: 08 00 00 00 11 00 00 00 00 00 4e 3d 23 30 00 00
[129987.840020] ovs_keydump: 00000050: 0a 00 01 0c 0a 00 02 07
[129987.840091] ovs_keydump: start=296 len=88 hash=0xfcb69eb1
[129987.840100] ovs_keydump: 00000000: 00 00 00 00 00 00 00 00 00 00 00 00 00 00 00 00
[129987.840107] ovs_keydump: 00000010: 00 00 00 00 00 00 00 00 00 00 00 00 00 00 00 00
[129987.840114] ovs_keydump: 00000020: 06 00 01 00 00 00 00 00 00 00 00 00 00 00 00 00
[129987.840122] ovs_keydump: 00000030: 00 00 00 00 00 00 00 00 00 00 00 00 00 00 00 00
[129987.840129] ovs_keydump: 00000040: 08 00 00 00 11 00 00 00 00 00 00 00 23 2f 00 00
[129987.840135] ovs_keydump: 00000050: 00 00 00 00 0a 00 02 02
[129987.840155] ovs_keydump: start=296 len=88 hash=0xa677d7eb
[129987.840162] ovs_keydump: 00000000: 00 00 00 00 00 00 00 00 00 00 00 00 00 00 00 00
[129987.840169] ovs_keydump: 00000010: 00 00 00 00 00 00 00 00 00 00 00 00 00 00 00 00
[129987.840175] ovs_keydump: 00000020: 06 00 01 00 00 00 00 00 00 00 00 00 00 00 00 00
[129987.840181] ovs_keydump: 00000030: 00 00 00 00 00 00 00 00 00 00 00 00 00 00 00 00
[129987.840187] ovs_keydump: 00000040: 08 00 00 00 11 00 00 00 00 00 4e 36 23 2d 00 00
[129987.840194] ovs_keydump: 00000050: 0a 00 01 04 0a 00 02 07
[129987.840215] ovs_keydump: start=296 len=88 hash=0x703d7e97
[129987.840222] ovs_keydump: 00000000: 00 00 00 00 00 00 00 00 00 00 00 00 00 00 00 00
[129987.840230] ovs_keydump: 00000010: 00 00 00 00 00 00 00 00 00 00 00 00 00 00 00 00
[129987.840236] ovs_keydump: 00000020: 06 00 01 00 00 00 00 00 00 00 00 00 00 00 00 00
[129987.840243] ovs_keydump: 00000030: 00 00 00 00 00 00 00 00 00 00 00 00 00 00 00 00
[129987.840250] ovs_keydump: 00000040: 08 00 00 00 11 00 00 00 00 00 4e 50 23 2e 00 00
[129987.840258] ovs_keydump: 00000050: 0a 00 01 01 0a 00 02 07
[129987.840291] ovs_keydump: start=296 len=88 hash=0x9d35d88f
[129987.840299] ovs_keydump: 00000000: 00 00 00 00 00 00 00 00 00 00 00 00 00 00 00 00
[129987.840306] ovs_keydump: 00000010: 00 00 00 00 00 00 00 00 00 00 00 00 00 00 00 00
[129987.840313] ovs_keydump: 00000020: 06 00 01 00 00 00 00 00 00 00 00 00 00 00 00 00
[129987.840320] ovs_keydump: 00000030: 00 00 00 00 00 00 00 00 00 00 00 00 00 00 00 00
[129987.840327] ovs_keydump: 00000040: 08 00 00 00 11 00 00 00 00 00 00 00 23 34 00 00
[129987.840334] ovs_keydump: 00000050: 0a 00 01 04 0a 00 02 05
[129987.840366] ovs_keydump: start=296 len=88 hash=0x8b6f7175
[129987.840373] ovs_keydump: 00000000: 00 00 00 00 00 00 00 00 00 00 00 00 00 00 00 00
[129987.840379] ovs_keydump: 00000010: 00 00 00 00 00 00 00 00 00 00 00 00 00 00 00 00
[129987.840385] ovs_keydump: 00000020: 06 00 01 00 00 00 00 00 00 00 00 00 00 00 00 00
[129987.840391] ovs_keydump: 00000030: 00 00 00 00 00 00 00 00 00 00 00 00 00 00 00 00
[129987.840396] ovs_keydump: 00000040: 08 00 00 00 11 00 00 00 00 00 00 00 23 28 00 00
[129987.840403] ovs_keydump: 00000050: 0a 00 01 06 0a 00 02 05
[129987.840477] ovs_keydump: start=296 len=88 hash=0x13bfdd91
[129987.840485] ovs_keydump: 00000000: 00 00 00 00 00 00 00 00 00 00 00 00 00 00 00 00
[129987.840492] ovs_keydump: 00000010: 00 00 00 00 00 00 00 00 00 00 00 00 00 00 00 00
[129987.840499] ovs_keydump: 00000020: 06 00 01 00 00 00 00 00 00 00 00 00 00 00 00 00
[129987.840506] ovs_keydump: 00000030: 00 00 00 00 00 00 00 00 00 00 00 00 00 00 00 00
[129987.840513] ovs_keydump: 00000040: 08 00 00 00 11 00 00 00 00 00 4e 5c 00 00 00 00
[129987.840519] ovs_keydump: 00000050: 00 00 00 00 0a 00 02 03
[129987.840551] ovs_keydump: start=296 len=88 hash=0x94e18809
[129987.840559] ovs_keydump: 00000000: 00 00 00 00 00 00 00 00 00 00 00 00 00 00 00 00
[129987.840566] ovs_keydump: 00000010: 00 00 00 00 00 00 00 00 00 00 00 00 00 00 00 00
[129987.840573] ovs_keydump: 00000020: 06 00 01 00 00 00 00 00 00 00 00 00 00 00 00 00
[129987.840580] ovs_keydump: 00000030: 00 00 00 00 00 00 00 00 00 00 00 00 00 00 00 00
[129987.840597] ovs_keydump: 00000040: 08 00 00 00 11 00 00 00 00 00 4e 55 23 33 00 00
[129987.840604] ovs_keydump: 00000050: 0a 00 01 07 0a 00 02 07
[129987.840661] ovs_keydump: start=296 len=88 hash=0x0360d272
[129987.840670] ovs_keydump: 00000000: 00 00 00 00 00 00 00 00 00 00 00 00 00 00 00 00
[129987.840677] ovs_keydump: 00000010: 00 00 00 00 00 00 00 00 00 00 00 00 00 00 00 00
[129987.840684] ovs_keydump: 00000020: 06 00 01 00 00 00 00 00 00 00 00 00 00 00 00 00
[129987.840692] ovs_keydump: 00000030: 00 00 00 00 00 00 00 00 00 00 00 00 00 00 00 00
[129987.840699] ovs_keydump: 00000040: 08 00 00 00 11 00 00 00 00 00 4e 2a 00 00 00 00
[129987.840705] ovs_keydump: 00000050: 0a 00 01 0d 0a 00 02 06
[129987.840727] ovs_keydump: start=296 len=88 hash=0x249bdd3a
[129987.840735] ovs_keydump: 00000000: 00 00 00 00 00 00 00 00 00 00 00 00 00 00 00 00
[129987.840742] ovs_keydump: 00000010: 00 00 00 00 00 00 00 00 00 00 00 00 00 00 00 00
[129987.840750] ovs_keydump: 00000020: 06 00 01 00 00 00 00 00 00 00 00 00 00 00 00 00
[129987.840757] ovs_keydump: 00000030: 00 00 00 00 00 00 00 00 00 00 00 00 00 00 00 00
[129987.840764] ovs_keydump: 00000040: 08 00 00 00 11 00 00 00 00 00 00 00 23 29 00 00
[129987.840771] ovs_keydump: 00000050: 00 00 00 00 0a 00 02 02
[129987.840790] ovs_keydump: start=296 len=88 hash=0xddec6c11
[129987.840797] ovs_keydump: 00000000: 00 00 00 00 00 00 00 00 00 00 00 00 00 00 00 00
[129987.840803] ovs_keydump: 00000010: 00 00 00 00 00 00 00 00 00 00 00 00 00 00 00 00
[129987.840809] ovs_keydump: 00000020: 06 00 01 00 00 00 00 00 00 00 00 00 00 00 00 00
[129987.840816] ovs_keydump: 00000030: 00 00 00 00 00 00 00 00 00 00 00 00 00 00 00 00
[129987.840823] ovs_keydump: 00000040: 08 00 00 00 11 00 00 00 00 00 4e 48 00 00 00 00
[129987.840830] ovs_keydump: 00000050: 00 00 00 00 0a 00 02 03
[129987.840864] ovs_keydump: start=296 len=88 hash=0x971aa3cd
[129987.840872] ovs_keydump: 00000000: 00 00 00 00 00 00 00 00 00 00 00 00 00 00 00 00
[129987.840879] ovs_keydump: 00000010: 00 00 00 00 00 00 00 00 00 00 00 00 00 00 00 00
[129987.840886] ovs_keydump: 00000020: 06 00 01 00 00 00 00 00 00 00 00 00 00 00 00 00
[129987.840893] ovs_keydump: 00000030: 00 00 00 00 00 00 00 00 00 00 00 00 00 00 00 00
[129987.840900] ovs_keydump: 00000040: 08 00 00 00 11 00 00 00 00 00 00 00 23 32 00 00
[129987.840907] ovs_keydump: 00000050: 00 00 00 00 0a 00 02 02
[129987.841022] ovs_keydump: start=296 len=88 hash=0x17aea9c7
[129987.841031] ovs_keydump: 00000000: 00 00 00 00 00 00 00 00 00 00 00 00 00 00 00 00
[129987.841038] ovs_keydump: 00000010: 00 00 00 00 00 00 00 00 00 00 00 00 00 00 00 00
[129987.841046] ovs_keydump: 00000020: 06 00 01 00 00 00 00 00 00 00 00 00 00 00 00 00
[129987.841052] ovs_keydump: 00000030: 00 00 00 00 00 00 00 00 00 00 00 00 00 00 00 00
[129987.841060] ovs_keydump: 00000040: 08 00 00 00 11 00 00 00 00 00 4e 48 23 2d 00 00
[129987.841067] ovs_keydump: 00000050: 0a 00 01 05 0a 00 02 07
[129987.841103] ovs_keydump: start=296 len=88 hash=0x657faf57
[129987.841111] ovs_keydump: 00000000: 00 00 00 00 00 00 00 00 00 00 00 00 00 00 00 00
[129987.841117] ovs_keydump: 00000010: 00 00 00 00 00 00 00 00 00 00 00 00 00 00 00 00
[129987.841124] ovs_keydump: 00000020: 06 00 01 00 00 00 00 00 00 00 00 00 00 00 00 00
[129987.841131] ovs_keydump: 00000030: 00 00 00 00 00 00 00 00 00 00 00 00 00 00 00 00
[129987.841137] ovs_keydump: 00000040: 08 00 00 00 11 00 00 00 00 00 4e 2b 00 00 00 00
[129987.841144] ovs_keydump: 00000050: 00 00 00 00 0a 00 02 03
[129987.841167] ovs_keydump: start=296 len=88 hash=0x3591da11
[129987.841175] ovs_keydump: 00000000: 00 00 00 00 00 00 00 00 00 00 00 00 00 00 00 00
[129987.841181] ovs_keydump: 00000010: 00 00 00 00 00 00 00 00 00 00 00 00 00 00 00 00
[129987.841188] ovs_keydump: 00000020: 06 00 01 00 00 00 00 00 00 00 00 00 00 00 00 00
[129987.841193] ovs_keydump: 00000030: 00 00 00 00 00 00 00 00 00 00 00 00 00 00 00 00
[129987.841198] ovs_keydump: 00000040: 08 00 00 00 11 00 00 00 00 00 4e 3f 23 36 00 00
[129987.841204] ovs_keydump: 00000050: 0a 00 01 0e 0a 00 02 07
[129987.841226] ovs_keydump: start=296 len=88 hash=0xdaaa53a7
[129987.841233] ovs_keydump: 00000000: 00 00 00 00 00 00 00 00 00 00 00 00 00 00 00 00
[129987.841241] ovs_keydump: 00000010: 00 00 00 00 00 00 00 00 00 00 00 00 00 00 00 00
[129987.841248] ovs_keydump: 00000020: 06 00 01 00 00 00 00 00 00 00 00 00 00 00 00 00
[129987.841254] ovs_keydump: 00000030: 00 00 00 00 00 00 00 00 00 00 00 00 00 00 00 00
[129987.841261] ovs_keydump: 00000040: 08 00 00 00 11 00 00 00 00 00 00 00 23 29 00 00
[129987.841266] ovs_keydump: 00000050: 0a 00 01 0d 0a 00 02 05
[129987.841302] ovs_keydump: start=296 len=88 hash=0x0aacc67b
[129987.841310] ovs_keydump: 00000000: 00 00 00 00 00 00 00 00 00 00 00 00 00 00 00 00
[129987.841318] ovs_keydump: 00000010: 00 00 00 00 00 00 00 00 00 00 00 00 00 00 00 00
[129987.841325] ovs_keydump: 00000020: 06 00 01 00 00 00 00 00 00 00 00 00 00 00 00 00
[129987.841332] ovs_keydump: 00000030: 00 00 00 00 00 00 00 00 00 00 00 00 00 00 00 00
[129987.841339] ovs_keydump: 00000040: 08 00 00 00 11 00 00 00 00 00 4e 5d 23 2f 00 00
[129987.841346] ovs_keydump: 00000050: 0a 00 01 07 0a 00 02 07
[129987.841379] ovs_keydump: start=296 len=88 hash=0xa9f629cc
[129987.841387] ovs_keydump: 00000000: 00 00 00 00 00 00 00 00 00 00 00 00 00 00 00 00
[129987.841395] ovs_keydump: 00000010: 00 00 00 00 00 00 00 00 00 00 00 00 00 00 00 00
[129987.841402] ovs_keydump: 00000020: 06 00 01 00 00 00 00 00 00 00 00 00 00 00 00 00
[129987.841409] ovs_keydump: 00000030: 00 00 00 00 00 00 00 00 00 00 00 00 00 00 00 00
[129987.841416] ovs_keydump: 00000040: 08 00 00 00 11 00 00 00 00 00 4e 54 00 00 00 00
[129987.841424] ovs_keydump: 00000050: 00 00 00 00 0a 00 02 03
[129987.841454] ovs_keydump: start=296 len=88 hash=0x61fbb699
[129987.841462] ovs_keydump: 00000000: 00 00 00 00 00 00 00 00 00 00 00 00 00 00 00 00
[129987.841469] ovs_keydump: 00000010: 00 00 00 00 00 00 00 00 00 00 00 00 00 00 00 00
[129987.841476] ovs_keydump: 00000020: 06 00 01 00 00 00 00 00 00 00 00 00 00 00 00 00
[129987.841484] ovs_keydump: 00000030: 00 00 00 00 00 00 00 00 00 00 00 00 00 00 00 00
[129987.841491] ovs_keydump: 00000040: 08 00 00 00 11 00 00 00 00 00 4e 4b 00 00 00 00
[129987.841498] ovs_keydump: 00000050: 00 00 00 00 0a 00 02 03
[129987.841518] ovs_keydump: start=296 len=88 hash=0x55c68096
[129987.841526] ovs_keydump: 00000000: 00 00 00 00 00 00 00 00 00 00 00 00 00 00 00 00
[129987.841533] ovs_keydump: 00000010: 00 00 00 00 00 00 00 00 00 00 00 00 00 00 00 00
[129987.841540] ovs_keydump: 00000020: 06 00 01 00 00 00 00 00 00 00 00 00 00 00 00 00
[129987.841546] ovs_keydump: 00000030: 00 00 00 00 00 00 00 00 00 00 00 00 00 00 00 00
[129987.841552] ovs_keydump: 00000040: 08 00 00 00 11 00 00 00 00 00 4e 33 00 00 00 00
[129987.841558] ovs_keydump: 00000050: 00 00 00 00 0a 00 02 03
[129987.841622] ovs_keydump: start=296 len=88 hash=0x9948a3ff
[129987.841631] ovs_keydump: 00000000: 00 00 00 00 00 00 00 00 00 00 00 00 00 00 00 00
[129987.841638] ovs_keydump: 00000010: 00 00 00 00 00 00 00 00 00 00 00 00 00 00 00 00
[129987.841644] ovs_keydump: 00000020: 06 00 01 00 00 00 00 00 00 00 00 00 00 00 00 00
[129987.841651] ovs_keydump: 00000030: 00 00 00 00 00 00 00 00 00 00 00 00 00 00 00 00
[129987.841657] ovs_keydump: 00000040: 08 00 00 00 11 00 00 00 00 00 4e 4a 00 00 00 00
[129987.841664] ovs_keydump: 00000050: 0a 00 01 0d 0a 00 02 06
[129987.841687] ovs_keydump: start=296 len=88 hash=0x8a91046d
[129987.841695] ovs_keydump: 00000000: 00 00 00 00 00 00 00 00 00 00 00 00 00 00 00 00
[129987.841701] ovs_keydump: 00000010: 00 00 00 00 00 00 00 00 00 00 00 00 00 00 00 00
[129987.841707] ovs_keydump: 00000020: 06 00 01 00 00 00 00 00 00 00 00 00 00 00 00 00
[129987.841713] ovs_keydump: 00000030: 00 00 00 00 00 00 00 00 00 00 00 00 00 00 00 00
[129987.841719] ovs_keydump: 00000040: 08 00 00 00 11 00 00 00 00 00 4e 4b 23 29 00 00
[129987.841726] ovs_keydump: 00000050: 0a 00 01 09 0a 00 02 07
[129987.841764] ovs_keydump: start=296 len=88 hash=0x61636521
[129987.841772] ovs_keydump: 00000000: 00 00 00 00 00 00 00 00 00 00 00 00 00 00 00 00
[129987.841779] ovs_keydump: 00000010: 00 00 00 00 00 00 00 00 00 00 00 00 00 00 00 00
[129987.841786] ovs_keydump: 00000020: 06 00 01 00 00 00 00 00 00 00 00 00 00 00 00 00
[129987.841792] ovs_keydump: 00000030: 00 00 00 00 00 00 00 00 00 00 00 00 00 00 00 00
[129987.841799] ovs_keydump: 00000040: 08 00 00 00 11 00 00 00 00 00 00 00 00 00 00 00
[129987.841805] ovs_keydump: 00000050: 0a 00 01 0b 0a 00 02 04
[129987.841840] ovs_keydump: start=296 len=88 hash=0x0952a756
[129987.841848] ovs_keydump: 00000000: 00 00 00 00 00 00 00 00 00 00 00 00 00 00 00 00
[129987.841855] ovs_keydump: 00000010: 00 00 00 00 00 00 00 00 00 00 00 00 00 00 00 00
[129987.841862] ovs_keydump: 00000020: 06 00 01 00 00 00 00 00 00 00 00 00 00 00 00 00
[129987.841869] ovs_keydump: 00000030: 00 00 00 00 00 00 00 00 00 00 00 00 00 00 00 00
[129987.841876] ovs_keydump: 00000040: 08 00 00 00 11 00 00 00 00 00 00 00 23 30 00 00
[129987.841882] ovs_keydump: 00000050: 00 00 00 00 0a 00 02 02
[129987.841916] ovs_keydump: start=296 len=88 hash=0x739fa5de
[129987.841924] ovs_keydump: 00000000: 00 00 00 00 00 00 00 00 00 00 00 00 00 00 00 00
[129987.841930] ovs_keydump: 00000010: 00 00 00 00 00 00 00 00 00 00 00 00 00 00 00 00
[129987.841937] ovs_keydump: 00000020: 06 00 01 00 00 00 00 00 00 00 00 00 00 00 00 00
[129987.841944] ovs_keydump: 00000030: 00 00 00 00 00 00 00 00 00 00 00 00 00 00 00 00
[129987.841951] ovs_keydump: 00000040: 08 00 00 00 11 00 00 00 00 00 00 00 23 31 00 00
[129987.841958] ovs_keydump: 00000050: 00 00 00 00 0a 00 02 02
[129987.841996] ovs_keydump: start=296 len=88 hash=0xaf21daf9
[129987.842004] ovs_keydump: 00000000: 00 00 00 00 00 00 00 00 00 00 00 00 00 00 00 00
[129987.842011] ovs_keydump: 00000010: 00 00 00 00 00 00 00 00 00 00 00 00 00 00 00 00
[129987.842018] ovs_keydump: 00000020: 06 00 01 00 00 00 00 00 00 00 00 00 00 00 00 00
[129987.842026] ovs_keydump: 00000030: 00 00 00 00 00 00 00 00 00 00 00 00 00 00 00 00
[129987.842033] ovs_keydump: 00000040: 08 00 00 00 11 00 00 00 00 00 00 00 23 33 00 00
[129987.842040] ovs_keydump: 00000050: 0a 00 01 09 0a 00 02 05
[129987.842072] ovs_keydump: start=296 len=88 hash=0x58e41a85
[129987.842080] ovs_keydump: 00000000: 00 00 00 00 00 00 00 00 00 00 00 00 00 00 00 00
[129987.842088] ovs_keydump: 00000010: 00 00 00 00 00 00 00 00 00 00 00 00 00 00 00 00
[129987.842094] ovs_keydump: 00000020: 06 00 01 00 00 00 00 00 00 00 00 00 00 00 00 00
[129987.842100] ovs_keydump: 00000030: 00 00 00 00 00 00 00 00 00 00 00 00 00 00 00 00
[129987.842107] ovs_keydump: 00000040: 08 00 00 00 11 00 00 00 00 00 00 00 23 2e 00 00
[129987.842114] ovs_keydump: 00000050: 0a 00 01 0b 0a 00 02 05
[129987.842165] ovs_keydump: start=296 len=88 hash=0xd3c264ec
[129987.842174] ovs_keydump: 00000000: 00 00 00 00 00 00 00 00 00 00 00 00 00 00 00 00
[129987.842181] ovs_keydump: 00000010: 00 00 00 00 00 00 00 00 00 00 00 00 00 00 00 00
[129987.842187] ovs_keydump: 00000020: 06 00 01 00 00 00 00 00 00 00 00 00 00 00 00 00
[129987.842193] ovs_keydump: 00000030: 00 00 00 00 00 00 00 00 00 00 00 00 00 00 00 00
[129987.842200] ovs_keydump: 00000040: 08 00 00 00 11 00 00 00 00 00 00 00 23 35 00 00
[129987.842206] ovs_keydump: 00000050: 0a 00 01 04 0a 00 02 05
[129987.842228] ovs_keydump: start=296 len=88 hash=0x02b815de
[129987.842235] ovs_keydump: 00000000: 00 00 00 00 00 00 00 00 00 00 00 00 00 00 00 00
[129987.842242] ovs_keydump: 00000010: 00 00 00 00 00 00 00 00 00 00 00 00 00 00 00 00
[129987.842249] ovs_keydump: 00000020: 06 00 01 00 00 00 00 00 00 00 00 00 00 00 00 00
[129987.842256] ovs_keydump: 00000030: 00 00 00 00 00 00 00 00 00 00 00 00 00 00 00 00
[129987.842263] ovs_keydump: 00000040: 08 00 00 00 11 00 00 00 00 00 4e 5d 00 00 00 00
[129987.842270] ovs_keydump: 00000050: 0a 00 01 01 0a 00 02 06
[129987.842304] ovs_keydump: start=296 len=88 hash=0x73e896c3
[129987.842313] ovs_keydump: 00000000: 00 00 00 00 00 00 00 00 00 00 00 00 00 00 00 00
[129987.842319] ovs_keydump: 00000010: 00 00 00 00 00 00 00 00 00 00 00 00 00 00 00 00
[129987.842327] ovs_keydump: 00000020: 06 00 01 00 00 00 00 00 00 00 00 00 00 00 00 00
[129987.842333] ovs_keydump: 00000030: 00 00 00 00 00 00 00 00 00 00 00 00 00 00 00 00
[129987.842340] ovs_keydump: 00000040: 08 00 00 00 11 00 00 00 00 00 4e 5e 23 32 00 00
[129987.842347] ovs_keydump: 00000050: 0a 00 01 0d 0a 00 02 07
[129987.842435] ovs_keydump: start=296 len=88 hash=0xd26e5084
[129987.842444] ovs_keydump: 00000000: 00 00 00 00 00 00 00 00 00 00 00 00 00 00 00 00
[129987.842451] ovs_keydump: 00000010: 00 00 00 00 00 00 00 00 00 00 00 00 00 00 00 00
[129987.842458] ovs_keydump: 00000020: 06 00 01 00 00 00 00 00 00 00 00 00 00 00 00 00
[129987.842464] ovs_keydump: 00000030: 00 00 00 00 00 00 00 00 00 00 00 00 00 00 00 00
[129987.842472] ovs_keydump: 00000040: 08 00 00 00 11 00 00 00 00 00 00 00 00 00 00 00
[129987.842478] ovs_keydump: 00000050: 0a 00 01 0e 0a 00 02 04
[129987.842511] ovs_keydump: start=296 len=88 hash=0x7e4a4bf7
[129987.842519] ovs_keydump: 00000000: 00 00 00 00 00 00 00 00 00 00 00 00 00 00 00 00
[129987.842525] ovs_keydump: 00000010: 00 00 00 00 00 00 00 00 00 00 00 00 00 00 00 00
[129987.842532] ovs_keydump: 00000020: 06 00 01 00 00 00 00 00 00 00 00 00 00 00 00 00
[129987.842539] ovs_keydump: 00000030: 00 00 00 00 00 00 00 00 00 00 00 00 00 00 00 00
[129987.842546] ovs_keydump: 00000040: 08 00 00 00 11 00 00 00 00 00 4e 5a 00 00 00 00
[129987.842553] ovs_keydump: 00000050: 0a 00 01 01 0a 00 02 06
[129987.842622] ovs_keydump: start=296 len=88 hash=0x6577056a
[129987.842632] ovs_keydump: 00000000: 00 00 00 00 00 00 00 00 00 00 00 00 00 00 00 00
[129987.842639] ovs_keydump: 00000010: 00 00 00 00 00 00 00 00 00 00 00 00 00 00 00 00
[129987.842645] ovs_keydump: 00000020: 06 00 01 00 00 00 00 00 00 00 00 00 00 00 00 00
[129987.842652] ovs_keydump: 00000030: 00 00 00 00 00 00 00 00 00 00 00 00 00 00 00 00
[129987.842659] ovs_keydump: 00000040: 08 00 00 00 11 00 00 00 00 00 00 00 00 00 00 00
[129987.842666] ovs_keydump: 00000050: 0a 00 01 08 0a 00 02 04
[129987.842753] ovs_keydump: start=296 len=88 hash=0x0d4367dd
[129987.842762] ovs_keydump: 00000000: 00 00 00 00 00 00 00 00 00 00 00 00 00 00 00 00
[129987.842769] ovs_keydump: 00000010: 00 00 00 00 00 00 00 00 00 00 00 00 00 00 00 00
[129987.842776] ovs_keydump: 00000020: 06 00 01 00 00 00 00 00 00 00 00 00 00 00 00 00
[129987.842783] ovs_keydump: 00000030: 00 00 00 00 00 00 00 00 00 00 00 00 00 00 00 00
[129987.842789] ovs_keydump: 00000040: 08 00 00 00 11 00 00 00 00 00 00 00 23 36 00 00
[129987.842795] ovs_keydump: 00000050: 0a 00 01 0d 0a 00 02 05
[129987.842818] ovs_keydump: start=296 len=88 hash=0xb7b0a96b
[129987.842825] ovs_keydump: 00000000: 00 00 00 00 00 00 00 00 00 00 00 00 00 00 00 00
[129987.842832] ovs_keydump: 00000010: 00 00 00 00 00 00 00 00 00 00 00 00 00 00 00 00
[129987.842839] ovs_keydump: 00000020: 06 00 01 00 00 00 00 00 00 00 00 00 00 00 00 00
[129987.842846] ovs_keydump: 00000030: 00 00 00 00 00 00 00 00 00 00 00 00 00 00 00 00
[129987.842852] ovs_keydump: 00000040: 08 00 00 00 11 00 00 00 00 00 4e 39 23 2f 00 00
[129987.842858] ovs_keydump: 00000050: 0a 00 01 01 0a 00 02 07
[129987.843973] ovs_keydump: start=296 len=88 hash=0xc6f2f7a5
[129987.843981] ovs_keydump: 00000000: 00 00 00 00 00 00 00 00 00 00 00 00 00 00 00 00
[129987.843986] ovs_keydump: 00000010: 00 00 00 00 00 00 00 00 00 00 00 00 00 00 00 00
[129987.843990] ovs_keydump: 00000020: 06 00 01 00 00 00 00 00 00 00 00 00 00 00 00 00
[129987.843994] ovs_keydump: 00000030: 00 00 00 00 00 00 00 00 00 00 00 00 00 00 00 00
[129987.843997] ovs_keydump: 00000040: 08 00 00 00 11 00 00 00 00 00 00 00 00 00 00 00
[129987.844001] ovs_keydump: 00000050: 0a 00 01 05 0a 00 02 04
[129987.844014] ovs_keydump: start=296 len=88 hash=0x7380482b
[129987.844019] ovs_keydump: 00000000: 00 00 00 00 00 00 00 00 00 00 00 00 00 00 00 00
[129987.844022] ovs_keydump: 00000010: 00 00 00 00 00 00 00 00 00 00 00 00 00 00 00 00
[129987.844026] ovs_keydump: 00000020: 06 00 01 00 00 00 00 00 00 00 00 00 00 00 00 00
[129987.844030] ovs_keydump: 00000030: 00 00 00 00 00 00 00 00 00 00 00 00 00 00 00 00
[129987.844033] ovs_keydump: 00000040: 08 00 00 00 11 00 00 00 00 00 00 00 00 00 00 00
[129987.844037] ovs_keydump: 00000050: 0a 00 01 0c 0a 00 02 04
[129987.844071] ovs_keydump: start=296 len=88 hash=0xd03047d5
[129987.844075] ovs_keydump: 00000000: 00 00 00 00 00 00 00 00 00 00 00 00 00 00 00 00
[129987.844079] ovs_keydump: 00000010: 00 00 00 00 00 00 00 00 00 00 00 00 00 00 00 00
[129987.844082] ovs_keydump: 00000020: 06 00 01 00 00 00 00 00 00 00 00 00 00 00 00 00
[129987.844086] ovs_keydump: 00000030: 00 00 00 00 00 00 00 00 00 00 00 00 00 00 00 00
[129987.844089] ovs_keydump: 00000040: 08 00 00 00 11 00 00 00 00 00 4e 55 00 00 00 00
[129987.844093] ovs_keydump: 00000050: 00 00 00 00 0a 00 02 03
[129987.844106] ovs_keydump: start=296 len=88 hash=0x66dec282
[129987.844110] ovs_keydump: 00000000: 00 00 00 00 00 00 00 00 00 00 00 00 00 00 00 00
[129987.844115] ovs_keydump: 00000010: 00 00 00 00 00 00 00 00 00 00 00 00 00 00 00 00
[129987.844120] ovs_keydump: 00000020: 06 00 01 00 00 00 00 00 00 00 00 00 00 00 00 00
[129987.844126] ovs_keydump: 00000030: 00 00 00 00 00 00 00 00 00 00 00 00 00 00 00 00
[129987.844132] ovs_keydump: 00000040: 08 00 00 00 11 00 00 00 00 00 00 00 23 2e 00 00
[129987.844138] ovs_keydump: 00000050: 00 00 00 00 0a 00 02 02
[129987.844171] ovs_keydump: start=296 len=88 hash=0xb12d3bb4
[129987.844178] ovs_keydump: 00000000: 00 00 00 00 00 00 00 00 00 00 00 00 00 00 00 00
[129987.844183] ovs_keydump: 00000010: 00 00 00 00 00 00 00 00 00 00 00 00 00 00 00 00
[129987.844189] ovs_keydump: 00000020: 06 00 01 00 00 00 00 00 00 00 00 00 00 00 00 00
[129987.844194] ovs_keydump: 00000030: 00 00 00 00 00 00 00 00 00 00 00 00 00 00 00 00
[129987.844200] ovs_keydump: 00000040: 08 00 00 00 11 00 00 00 00 00 4e 4d 00 00 00 00
[129987.844206] ovs_keydump: 00000050: 00 00 00 00 0a 00 02 03
[129987.844250] ovs_keydump: start=296 len=88 hash=0x745745c0
[129987.844255] ovs_keydump: 00000000: 00 00 00 00 00 00 00 00 00 00 00 00 00 00 00 00
[129987.844259] ovs_keydump: 00000010: 00 00 00 00 00 00 00 00 00 00 00 00 00 00 00 00
[129987.844262] ovs_keydump: 00000020: 06 00 01 00 00 00 00 00 00 00 00 00 00 00 00 00
[129987.844266] ovs_keydump: 00000030: 00 00 00 00 00 00 00 00 00 00 00 00 00 00 00 00
[129987.844269] ovs_keydump: 00000040: 08 00 00 00 11 00 00 00 00 00 4e 5e 23 31 00 00
[129987.844273] ovs_keydump: 00000050: 0a 00 01 0e 0a 00 02 07
[129987.844284] ovs_keydump: start=296 len=88 hash=0xdde642ee
[129987.844288] ovs_keydump: 00000000: 00 00 00 00 00 00 00 00 00 00 00 00 00 00 00 00
[129987.844292] ovs_keydump: 00000010: 00 00 00 00 00 00 00 00 00 00 00 00 00 00 00 00
[129987.844296] ovs_keydump: 00000020: 06 00 01 00 00 00 00 00 00 00 00 00 00 00 00 00
[129987.844299] ovs_keydump: 00000030: 00 00 00 00 00 00 00 00 00 00 00 00 00 00 00 00
[129987.844303] ovs_keydump: 00000040: 08 00 00 00 11 00 00 00 00 00 00 00 23 28 00 00
[129987.844306] ovs_keydump: 00000050: 0a 00 01 0f 0a 00 02 05
[129987.844343] ovs_keydump: start=296 len=88 hash=0x0b1b544c
[129987.844348] ovs_keydump: 00000000: 00 00 00 00 00 00 00 00 00 00 00 00 00 00 00 00
[129987.844351] ovs_keydump: 00000010: 00 00 00 00 00 00 00 00 00 00 00 00 00 00 00 00
[129987.844355] ovs_keydump: 00000020: 06 00 01 00 00 00 00 00 00 00 00 00 00 00 00 00
[129987.844359] ovs_keydump: 00000030: 00 00 00 00 00 00 00 00 00 00 00 00 00 00 00 00
[129987.844362] ovs_keydump: 00000040: 08 00 00 00 11 00 00 00 00 00 00 00 23 31 00 00
[129987.844366] ovs_keydump: 00000050: 0a 00 01 0f 0a 00 02 05
[129987.844385] ovs_keydump: start=296 len=88 hash=0xa43aec7a
[129987.844390] ovs_keydump: 00000000: 00 00 00 00 00 00 00 00 00 00 00 00 00 00 00 00
[129987.844393] ovs_keydump: 00000010: 00 00 00 00 00 00 00 00 00 00 00 00 00 00 00 00
[129987.844397] ovs_keydump: 00000020: 06 00 01 00 00 00 00 00 00 00 00 00 00 00 00 00
[129987.844400] ovs_keydump: 00000030: 00 00 00 00 00 00 00 00 00 00 00 00 00 00 00 00
[129987.844404] ovs_keydump: 00000040: 08 00 00 00 11 00 00 00 00 00 00 00 00 00 00 00
[129987.844407] ovs_keydump: 00000050: 0a 00 01 01 0a 00 02 04
[129987.844433] ovs_keydump: start=296 len=88 hash=0x66d84d4a
[129987.844437] ovs_keydump: 00000000: 00 00 00 00 00 00 00 00 00 00 00 00 00 00 00 00
[129987.844441] ovs_keydump: 00000010: 00 00 00 00 00 00 00 00 00 00 00 00 00 00 00 00
[129987.844444] ovs_keydump: 00000020: 06 00 01 00 00 00 00 00 00 00 00 00 00 00 00 00
[129987.844448] ovs_keydump: 00000030: 00 00 00 00 00 00 00 00 00 00 00 00 00 00 00 00
[129987.844452] ovs_keydump: 00000040: 08 00 00 00 11 00 00 00 00 00 4e 3e 00 00 00 00
[129987.844455] ovs_keydump: 00000050: 00 00 00 00 0a 00 02 03
[129987.844473] ovs_keydump: start=296 len=88 hash=0xe012cc29
[129987.844477] ovs_keydump: 00000000: 00 00 00 00 00 00 00 00 00 00 00 00 00 00 00 00
[129987.844481] ovs_keydump: 00000010: 00 00 00 00 00 00 00 00 00 00 00 00 00 00 00 00
[129987.844484] ovs_keydump: 00000020: 06 00 01 00 00 00 00 00 00 00 00 00 00 00 00 00
[129987.844488] ovs_keydump: 00000030: 00 00 00 00 00 00 00 00 00 00 00 00 00 00 00 00
[129987.844491] ovs_keydump: 00000040: 08 00 00 00 11 00 00 00 00 00 00 00 23 36 00 00
[129987.844495] ovs_keydump: 00000050: 0a 00 01 0a 0a 00 02 05
[129987.844524] ovs_keydump: start=296 len=88 hash=0x3802ca30
[129987.844528] ovs_keydump: 00000000: 00 00 00 00 00 00 00 00 00 00 00 00 00 00 00 00
[129987.844532] ovs_keydump: 00000010: 00 00 00 00 00 00 00 00 00 00 00 00 00 00 00 00
[129987.844535] ovs_keydump: 00000020: 06 00 01 00 00 00 00 00 00 00 00 00 00 00 00 00
[129987.844539] ovs_keydump: 00000030: 00 00 00 00 00 00 00 00 00 00 00 00 00 00 00 00
[129987.844543] ovs_keydump: 00000040: 08 00 00 00 11 00 00 00 00 00 00 00 23 31 00 00
[129987.844546] ovs_keydump: 00000050: 0a 00 01 09 0a 00 02 05
[129987.844564] ovs_keydump: start=296 len=88 hash=0xa51d4994
[129987.844568] ovs_keydump: 00000000: 00 00 00 00 00 00 00 00 00 00 00 00 00 00 00 00
[129987.844572] ovs_keydump: 00000010: 00 00 00 00 00 00 00 00 00 00 00 00 00 00 00 00
[129987.844576] ovs_keydump: 00000020: 06 00 01 00 00 00 00 00 00 00 00 00 00 00 00 00
[129987.844579] ovs_keydump: 00000030: 00 00 00 00 00 00 00 00 00 00 00 00 00 00 00 00
[129987.844602] ovs_keydump: 00000040: 08 00 00 00 11 00 00 00 00 00 4e 5c 00 00 00 00
[129987.844609] ovs_keydump: 00000050: 0a 00 01 06 0a 00 02 06
[129987.844698] ovs_keydump: start=296 len=88 hash=0x3ab9d10d
[129987.844707] ovs_keydump: 00000000: 00 00 00 00 00 00 00 00 00 00 00 00 00 00 00 00
[129987.844715] ovs_keydump: 00000010: 00 00 00 00 00 00 00 00 00 00 00 00 00 00 00 00
[129987.844722] ovs_keydump: 00000020: 06 00 01 00 00 00 00 00 00 00 00 00 00 00 00 00
[129987.844729] ovs_keydump: 00000030: 00 00 00 00 00 00 00 00 00 00 00 00 00 00 00 00
[129987.844737] ovs_keydump: 00000040: 08 00 00 00 11 00 00 00 00 00 00 00 00 00 00 00
[129987.844744] ovs_keydump: 00000050: 0a 00 01 02 0a 00 02 04
